Lat;Lon;Alt;Tempo
-24,177337;-47,024178;98;0
-24,177353;-47,024119;97;1
-24,177335;-47,023955;105;2
-24,177401;-47,023985;118;5
-24,177423;-47,023989;121;6
-24,177446;-47,023987;119;11
-24,177444;-47,023987;119;12
-24,177446;-47,023995;120;44
-24,177444;-47,023999;121;45
-24,177427;-47,024032;120;56
-24,177426;-47,024034;119;57
-24,177423;-47,024036;119;59
-24,17742;-47,024038;119;60
-24,177397;-47,024124;117;73
-24,177392;-47,024134;117;74
-24,177381;-47,02422;116;79
-24,177386;-47,024238;116;80
-24,177435;-47,024272;116;87
-24,17743;-47,024271;115;88
-24,177424;-47,02427;116;89
-24,177407;-47,024272;116;93
-24,177407;-47,024273;116;94
-24,177411;-47,02427;116;96
-24,177418;-47,024263;117;97
-24,177438;-47,024197;118;100
-24,177434;-47,024165;118;101
-24,177403;-47,024082;118;104
-24,17739;-47,024057;118;105
-24,177364;-47,023978;119;108
-24,177357;-47,023946;119;109
-24,177344;-47,02387;119;111
-24,177337;-47,023834;118;112
-24,177319;-47,023766;118;114
-24,177308;-47,023732;117;115
-24,177281;-47,023667;116;117
-24,177264;-47,023637;116;118
-24,177216;-47,023585;116;120
-24,177185;-47,023561;116;121
-24,177126;-47,023508;116;123
-24,177104;-47,023481;115;124
-24,177073;-47,023421;115;126
-24,177069;-47,023386;115;127
-24,17708;-47,023307;113;129
-24,177101;-47,023239;112;130
-24,177121;-47,023175;111;131
-24,177137;-47,023114;111;132
-24,177152;-47,023056;111;133
-24,177169;-47,022995;112;134
-24,17718;-47,022939;113;135
-24,177184;-47,02288;113;136
-24,177181;-47,022821;114;137
-24,177178;-47,022766;115;138
-24,177164;-47,022679;116;140
-24,177154;-47,022639;116;141
-24,177115;-47,022559;115;144
-24,177097;-47,022533;115;145
-24,177032;-47,022467;114;147
-24,176991;-47,022431;115;148
-24,176948;-47,022391;113;149
-24,176906;-47,022344;113;150
-24,176864;-47,022297;113;151
-24,176819;-47,022258;113;152
-24,176778;-47,022223;113;153
-24,176734;-47,022183;113;154
-24,176693;-47,02211;113;156
-24,176695;-47,022071;113;157
-24,176708;-47,021983;114;159
-24,176724;-47,021934;114;160
-24,17675;-47,02189;113;161
-24,176784;-47,021853;112;162
-24,176824;-47,021819;112;163
-24,176857;-47,021791;111;164
-24,176922;-47,021751;113;166
-24,17695;-47,02175;112;167
-24,177033;-47,021724;112;170
-24,177051;-47,021713;111;171
-24,177076;-47,021698;111;174
-24,177062;-47,021701;111;175
-24,177051;-47,021704;111;176
-24,177047;-47,021705;111;177
-24,177051;-47,021704;111;178
-24,177062;-47,021698;112;179
-24,17713;-47,021642;111;183
-24,177143;-47,021624;110;184
-24,177173;-47,021535;108;188
-24,177177;-47,021507;107;189
-24,17718;-47,021434;106;191
-24,17718;-47,021393;106;192
-24,177181;-47,021314;106;194
-24,17718;-47,021277;105;195
-24,177172;-47,021208;105;197
-24,177166;-47,021173;104;198
-24,177152;-47,021099;104;200
-24,177143;-47,021052;104;201
-24,177133;-47,021001;103;202
-24,177125;-47,020943;103;203
-24,177121;-47,020886;103;204
-24,177118;-47,020836;102;205
-24,177117;-47,020784;102;206
-24,177122;-47,020733;101;207
-24,177133;-47,020647;101;209
-24,177136;-47,02061;101;210
-24,177146;-47,020533;98;213
-24,177142;-47,020507;97;214
-24,177128;-47,020435;97;216
-24,177118;-47,020396;96;217
-24,177098;-47,020315;95;219
-24,17709;-47,020273;94;220
-24,177079;-47,020181;94;222
-24,177077;-47,020134;92;223
-24,177075;-47,020047;92;225
-24,177075;-47,020011;91;226
-24,177073;-47,019939;89;228
-24,177071;-47,019899;90;229
-24,177055;-47,019821;90;231
-24,177037;-47,019787;83;232
-24,176993;-47,019724;82;234
-24,17697;-47,019689;82;235
-24,176933;-47,019622;82;236
-24,176897;-47,019547;79;237
-24,176875;-47,01947;77;238
-24,176866;-47,019389;77;239
-24,176858;-47,019307;76;240
-24,176852;-47,019219;76;241
-24,176844;-47,019126;76;242
-24,176831;-47,019037;76;243
-24,176815;-47,018963;76;244
-24,176808;-47,018889;75;245
-24,17682;-47,018822;75;246
-24,176845;-47,01876;75;247
-24,176877;-47,018696;76;248
-24,176903;-47,018648;72;249
-24,176932;-47,018605;72;250
-24,17696;-47,018561;72;251
-24,176983;-47,018512;71;252
-24,17701;-47,018456;71;253
-24,177036;-47,018402;70;254
-24,177068;-47,018345;72;255
-24,1771;-47,018286;71;256
-24,177136;-47,018223;71;257
-24,177176;-47,018152;72;258
-24,177211;-47,018081;71;259
-24,177246;-47,018013;71;260
-24,17728;-47,017943;71;261
-24,177313;-47,017874;71;262
-24,177344;-47,017809;72;263
-24,177374;-47,01774;72;264
-24,177402;-47,017681;73;265
-24,177432;-47,01763;74;266
-24,17746;-47,017582;74;267
-24,177488;-47,017535;73;268
-24,177524;-47,017484;74;269
-24,17756;-47,017438;75;270
-24,177602;-47,017406;77;271
-24,17765;-47,01734;77;273
-24,177664;-47,017298;77;274
-24,177687;-47,01725;77;275
-24,177718;-47,0172;78;276
-24,177756;-47,017146;80;277
-24,177799;-47,017099;81;278
-24,177841;-47,017056;81;279
-24,177883;-47,01702;82;280
-24,177954;-47,016972;83;282
-24,177986;-47,016958;83;283
-24,178056;-47,016945;86;286
-24,178077;-47,016939;86;287
-24,178146;-47,016945;87;290
-24,178167;-47,016946;86;291
-24,178247;-47,016924;87;295
-24,178257;-47,016922;86;296
-24,178337;-47,016912;85;301
-24,178392;-47,016904;84;302
-24,178468;-47,016899;83;303
-24,178554;-47,016891;84;304
-24,178633;-47,016881;86;305
-24,178714;-47,016868;86;306
-24,17879;-47,01685;87;307
-24,178864;-47,016821;86;308
-24,178931;-47,016806;87;309
-24,17899;-47,016797;86;310
-24,179049;-47,016785;86;311
-24,179107;-47,016782;85;312
-24,179155;-47,016774;86;313
-24,179202;-47,016752;83;314
-24,179256;-47,016739;83;315
-24,179326;-47,016732;83;316
-24,179385;-47,016737;82;317
-24,179448;-47,016754;82;318
-24,179501;-47,016734;76;319
-24,179538;-47,016716;73;320
-24,179611;-47,016723;75;323
-24,179634;-47,016737;77;324
-24,179711;-47,016738;77;327
-24,179752;-47,01672;76;328
-24,179801;-47,016695;73;329
-24,17986;-47,016669;72;330
-24,179925;-47,016657;72;331
-24,179992;-47,016658;71;332
-24,180059;-47,016667;71;333
-24,180126;-47,016676;71;334
-24,180193;-47,016688;72;335
-24,180256;-47,016693;72;336
-24,180323;-47,01669;72;337
-24,180391;-47,016686;71;338
-24,180467;-47,016678;71;339
-24,180536;-47,016677;71;340
-24,180609;-47,016677;71;341
-24,180679;-47,016678;71;342
-24,180753;-47,016684;70;343
-24,18083;-47,016682;68;344
-24,180906;-47,016685;68;345
-24,180983;-47,01669;68;346
-24,181062;-47,016692;68;347
-24,181145;-47,016697;68;348
-24,181212;-47,016702;67;349
-24,181278;-47,016709;67;350
-24,181345;-47,016717;67;351
-24,181398;-47,01672;68;352
-24,181456;-47,016699;65;353
-24,181519;-47,016667;63;354
-24,181579;-47,016635;61;355
-24,181641;-47,016596;58;356
-24,181698;-47,016564;57;357
-24,181756;-47,016526;56;358
-24,181814;-47,016483;54;359
-24,181873;-47,016438;52;360
-24,181934;-47,01639;51;361
-24,181994;-47,016351;50;362
-24,182054;-47,016316;50;363
-24,18211;-47,016301;50;364
-24,182172;-47,016299;50;365
-24,18223;-47,016294;50;366
-24,182293;-47,0163;50;367
-24,182346;-47,016313;46;368
-24,182408;-47,016321;45;369
-24,182481;-47,016329;45;370
-24,182558;-47,016328;45;371
-24,182639;-47,016322;46;372
-24,182722;-47,016315;48;373
-24,182795;-47,016299;48;374
-24,182862;-47,016278;47;375
-24,182916;-47,016264;48;376
-24,182964;-47,016253;48;377
-24,183014;-47,016248;48;378
-24,183066;-47,016243;48;379
-24,183111;-47,016241;49;380
-24,183195;-47,016257;49;382
-24,18323;-47,016275;49;383
-24,183304;-47,016298;45;386
-24,183324;-47,016298;44;387
-24,18339;-47,016268;45;390
-24,183414;-47,016242;46;391
-24,183462;-47,016181;47;393
-24,183488;-47,016143;46;394
-24,183527;-47,016066;48;396
-24,183543;-47,016026;48;397
-24,183573;-47,01595;49;399
-24,183588;-47,015911;49;400
-24,183604;-47,015872;48;401
-24,183622;-47,015816;48;402
-24,18364;-47,015751;49;403
-24,183656;-47,015677;49;404
-24,183669;-47,015603;48;405
-24,183675;-47,01552;47;406
-24,18368;-47,015444;47;407
-24,183681;-47,015364;45;408
-24,183685;-47,015287;44;409
-24,183693;-47,015206;43;410
-24,183697;-47,015124;43;411
-24,183705;-47,015042;43;412
-24,183715;-47,014954;42;413
-24,183722;-47,014869;43;414
-24,183733;-47,014789;42;415
-24,183739;-47,014718;42;416
-24,183743;-47,014649;41;417
-24,183742;-47,014587;41;418
-24,183738;-47,014518;40;419
-24,183737;-47,014464;41;420
-24,183737;-47,01441;41;421
-24,183739;-47,014356;40;422
-24,18375;-47,01426;41;424
-24,183751;-47,014218;41;425
-24,183725;-47,01414;39;427
-24,18371;-47,014099;39;428
-24,183683;-47,014007;40;430
-24,183668;-47,013964;38;431
-24,183644;-47,01388;38;433
-24,183628;-47,013849;37;434
-24,183614;-47,013763;38;438
-24,183615;-47,013749;38;439
-24,183603;-47,013663;39;446
-24,183601;-47,01365;39;447
-24,183592;-47,013559;36;451
-24,183592;-47,013532;37;452
-24,183597;-47,013474;37;458
-24,183599;-47,013476;37;459
-24,183612;-47,013467;39;477
-24,183613;-47,013461;40;478
-24,183608;-47,013376;40;481
-24,183601;-47,013326;40;482
-24,183592;-47,013274;40;483
-24,183578;-47,013223;40;484
-24,183546;-47,013135;42;486
-24,183527;-47,013096;41;487
-24,183487;-47,013026;40;489
-24,183466;-47,012989;40;490
-24,183446;-47,012951;40;491
-24,183416;-47,012899;40;492
-24,183391;-47,012839;40;493
-24,183363;-47,012776;39;494
-24,183336;-47,012711;39;495
-24,18331;-47,012645;39;496
-24,183286;-47,012578;39;497
-24,183268;-47,012508;38;498
-24,183248;-47,01244;37;499
-24,18323;-47,012371;37;500
-24,183211;-47,0123;37;501
-24,183191;-47,012232;36;502
-24,183175;-47,012163;36;503
-24,183163;-47,012098;36;504
-24,183155;-47,012032;36;505
-24,183147;-47,011971;36;506
-24,183137;-47,011907;36;507
-24,183128;-47,011847;37;508
-24,183121;-47,011787;36;509
-24,183116;-47,011723;35;510
-24,183112;-47,011659;35;511
-24,18311;-47,011589;34;512
-24,183111;-47,011519;34;513
-24,183112;-47,011441;33;514
-24,183112;-47,011366;32;515
-24,183111;-47,011294;30;516
-24,183112;-47,011212;30;517
-24,183114;-47,011127;29;518
-24,183118;-47,011045;28;519
-24,183123;-47,010964;28;520
-24,183131;-47,010886;28;521
-24,183139;-47,010805;27;522
-24,183145;-47,010724;27;523
-24,183149;-47,01065;27;524
-24,18316;-47,010582;27;525
-24,183164;-47,01052;25;526
-24,183171;-47,010458;24;527
-24,18318;-47,010389;23;528
-24,183182;-47,010322;24;529
-24,183186;-47,010256;23;530
-24,183191;-47,010194;22;531
-24,183195;-47,010125;22;532
-24,183202;-47,010051;21;533
-24,183207;-47,009974;21;534
-24,183212;-47,009895;21;535
-24,183211;-47,009816;21;536
-24,183211;-47,009737;21;537
-24,183215;-47,009661;22;538
-24,183218;-47,009587;22;539
-24,183215;-47,009515;22;540
-24,18321;-47,00944;21;541
-24,183205;-47,009371;22;542
-24,183201;-47,009296;22;543
-24,183199;-47,009213;23;544
-24,183193;-47,009128;23;545
-24,183189;-47,009043;23;546
-24,183187;-47,008953;23;547
-24,183185;-47,00886;23;548
-24,183185;-47,008768;23;549
-24,183187;-47,008682;23;550
-24,183199;-47,008601;22;551
-24,183213;-47,008525;22;552
-24,183223;-47,008459;22;553
-24,183233;-47,008394;22;554
-24,183246;-47,008329;21;555
-24,183252;-47,008263;22;556
-24,183259;-47,008199;22;557
-24,183263;-47,008139;22;558
-24,183266;-47,008082;20;559
-24,183274;-47,008026;20;560
-24,183275;-47,007973;20;561
-24,183275;-47,007921;20;562
-24,183269;-47,007864;20;563
-24,183264;-47,007802;20;564
-24,183265;-47,007737;19;565
-24,183265;-47,007666;19;566
-24,18326;-47,0076;20;567
-24,183252;-47,007536;19;568
-24,183245;-47,00747;20;569
-24,183241;-47,007401;20;570
-24,183236;-47,007331;20;571
-24,18323;-47,007258;19;572
-24,183237;-47,007179;19;573
-24,183242;-47,007096;19;574
-24,183238;-47,007014;18;575
-24,18323;-47,006931;18;576
-24,183225;-47,006851;18;577
-24,183227;-47,006773;19;578
-24,183233;-47,006692;20;579
-24,183244;-47,006616;19;580
-24,183258;-47,006537;19;581
-24,183275;-47,006465;18;582
-24,183294;-47,006395;18;583
-24,183306;-47,006329;16;584
-24,183325;-47,006262;16;585
-24,183343;-47,006201;16;586
-24,18336;-47,00614;15;587
-24,18338;-47,006076;14;588
-24,183402;-47,006012;14;589
-24,183428;-47,005949;15;590
-24,183455;-47,005889;15;591
-24,183483;-47,005826;15;592
-24,183507;-47,005765;14;593
-24,183531;-47,005706;14;594
-24,183555;-47,005648;15;595
-24,183579;-47,005592;15;596
-24,183603;-47,005532;15;597
-24,183628;-47,005475;15;598
-24,183649;-47,005417;16;599
-24,183669;-47,005372;17;600
-24,183697;-47,005297;17;602
-24,183705;-47,00526;17;603
-24,18372;-47,005181;17;605
-24,183734;-47,005134;17;606
-24,183751;-47,005081;18;607
-24,183767;-47,005021;18;608
-24,183779;-47,004952;19;609
-24,183791;-47,004882;20;610
-24,183804;-47,004808;21;611
-24,183817;-47,004736;22;612
-24,183832;-47,004673;23;613
-24,183842;-47,004607;23;614
-24,18386;-47,004545;23;615
-24,18388;-47,004484;24;616
-24,183897;-47,004418;24;617
-24,183913;-47,004347;25;618
-24,183921;-47,004276;25;619
-24,183935;-47,004208;26;620
-24,183945;-47,004143;26;621
-24,183954;-47,004072;27;622
-24,183957;-47,003997;27;623
-24,183961;-47,003924;28;624
-24,183961;-47,003845;28;625
-24,183964;-47,003774;28;626
-24,183979;-47,003699;29;627
-24,183998;-47,003637;30;628
-24,184022;-47,003571;29;629
-24,18405;-47,003498;30;630
-24,184082;-47,003428;30;631
-24,184124;-47,003356;32;632
-24,184162;-47,003275;33;633
-24,184193;-47,003194;33;634
-24,184216;-47,003108;34;635
-24,184225;-47,003028;35;636
-24,184234;-47,002941;35;637
-24,184249;-47,002855;36;638
-24,184284;-47,002781;37;639
-24,184321;-47,002707;37;640
-24,184367;-47,002639;38;641
-24,184417;-47,00257;39;642
-24,184465;-47,002501;39;643
-24,184515;-47,002432;40;644
-24,184564;-47,00237;39;645
-24,184615;-47,002309;39;646
-24,184674;-47,002254;42;647
-24,184735;-47,00221;42;648
-24,184797;-47,002175;43;649
-24,184866;-47,002163;44;650
-24,184933;-47,002158;44;651
-24,184989;-47,002147;45;652
-24,185039;-47,002123;45;653
-24,18509;-47,002096;45;654
-24,185127;-47,002061;46;655
-24,185161;-47,002013;46;656
-24,185186;-47,001938;49;657
-24,185214;-47,001863;49;658
-24,185234;-47,001792;51;659
-24,185263;-47,001738;52;660
-24,185285;-47,001687;53;661
-24,185318;-47,001651;53;662
-24,185359;-47,001622;52;663
-24,185418;-47,001594;52;664
-24,185476;-47,001568;53;665
-24,185535;-47,00154;53;666
-24,185587;-47,001522;53;667
-24,18564;-47,001528;53;668
-24,185697;-47,001536;54;669
-24,185749;-47,00155;54;670
-24,185807;-47,001572;54;671
-24,185854;-47,001591;52;672
-24,185909;-47,001609;51;673
-24,185977;-47,001621;52;674
-24,186045;-47,001632;53;675
-24,186114;-47,00164;53;676
-24,186177;-47,001638;54;677
-24,186235;-47,001632;54;678
-24,186279;-47,001615;54;679
-24,186326;-47,00158;55;680
-24,186371;-47,00155;57;681
-24,186414;-47,00152;58;682
-24,186449;-47,001485;59;683
-24,186476;-47,001444;60;684
-24,186512;-47,001376;59;686
-24,186535;-47,00134;60;687
-24,186596;-47,001274;60;689
-24,186627;-47,001239;60;690
-24,186691;-47,001187;61;692
-24,186718;-47,001161;61;693
-24,186765;-47,001111;60;695
-24,186792;-47,00108;61;696
-24,186864;-47,001029;62;698
-24,186906;-47,001015;62;699
-24,186953;-47,001013;63;700
-24,186998;-47,001008;63;701
-24,18705;-47,001005;63;702
-24,187106;-47,001009;63;703
-24,187164;-47,001022;63;704
-24,187216;-47,001045;62;705
-24,187269;-47,00108;65;706
-24,187326;-47,001113;66;707
-24,187391;-47,001154;67;708
-24,187459;-47,001197;67;709
-24,187527;-47,001243;66;710
-24,187601;-47,00129;67;711
-24,187682;-47,001345;67;712
-24,187752;-47,001394;67;713
-24,187819;-47,001435;67;714
-24,187883;-47,001471;66;715
-24,187947;-47,001506;66;716
-24,188009;-47,00154;66;717
-24,188073;-47,001574;65;718
-24,188134;-47,001605;64;719
-24,188194;-47,001644;64;720
-24,188259;-47,001669;64;721
-24,188332;-47,001693;64;722
-24,188415;-47,001711;65;723
-24,188498;-47,001711;62;724
-24,18857;-47,001726;65;725
-24,188644;-47,001737;65;726
-24,18872;-47,001748;64;727
-24,188801;-47,001736;62;728
-24,188881;-47,00172;61;729
-24,188957;-47,001709;61;730
-24,189028;-47,001707;61;731
-24,189098;-47,001704;62;732
-24,189164;-47,001696;62;733
-24,189229;-47,00168;61;734
-24,189291;-47,001666;58;735
-24,18936;-47,001652;59;736
-24,189415;-47,001649;56;737
-24,189479;-47,00164;56;738
-24,189541;-47,001625;56;739
-24,1896;-47,001605;55;740
-24,189669;-47,00159;56;741
-24,18974;-47,001577;55;742
-24,189809;-47,00157;56;743
-24,189886;-47,001569;56;744
-24,189967;-47,001564;54;745
-24,190051;-47,001553;52;746
-24,190143;-47,001534;52;747
-24,190214;-47,001533;51;748
-24,190273;-47,001545;49;749
-24,190316;-47,00157;47;750
-24,190365;-47,001593;45;751
-24,190425;-47,001612;44;752
-24,190491;-47,001634;43;753
-24,190559;-47,001658;42;754
-24,190624;-47,001675;39;755
-24,190666;-47,001708;32;756
-24,190717;-47,001727;29;757
-24,190773;-47,001739;27;758
-24,190834;-47,001738;27;759
-24,190891;-47,001731;27;760
-24,190938;-47,001728;25;761
-24,191027;-47,001719;25;763
-24,191076;-47,001716;25;764
-24,191129;-47,001712;24;765
-24,191188;-47,001712;23;766
-24,191245;-47,00171;23;767
-24,191307;-47,001705;23;768
-24,191369;-47,001695;23;769
-24,191436;-47,00167;22;770
-24,191506;-47,001629;22;771
-24,191566;-47,001586;19;772
-24,191624;-47,001537;20;773
-24,191683;-47,001491;19;774
-24,19174;-47,001441;19;775
-24,191795;-47,001393;18;776
-24,191849;-47,001349;18;777
-24,191903;-47,001307;18;778
-24,19196;-47,001262;18;779
-24,192021;-47,001213;19;780
-24,192081;-47,001159;20;781
-24,192133;-47,0011;20;782
-24,192179;-47,001035;20;783
-24,192216;-47,000954;20;784
-24,192256;-47,000884;20;785
-24,192295;-47,000813;20;786
-24,192333;-47,000742;20;787
-24,192372;-47,000677;21;788
-24,192407;-47,000632;21;789
-24,192427;-47,000598;21;790
-24,192461;-47,00054;20;792
-24,192474;-47,000509;19;793
-24,192504;-47,000436;20;795
-24,19252;-47,000399;20;796
-24,192566;-47,00032;19;798
-24,192598;-47,000276;19;799
-24,192628;-47,000232;19;800
-24,192658;-47,000188;19;801
-24,192689;-47,000143;18;802
-24,192722;-47,000092;19;803
-24,19276;-47,000038;19;804
-24,192807;-46,999983;19;805
-24,192862;-46,999935;19;806
-24,192919;-46,999902;18;807
-24,192978;-46,999883;18;808
-24,193031;-46,999873;18;809
-24,193084;-46,999872;18;810
-24,193134;-46,999873;18;811
-24,193187;-46,999879;18;812
-24,193244;-46,999894;19;813
-24,193302;-46,999913;19;814
-24,193348;-46,999954;20;815
-24,193387;-46,999989;20;816
-24,19342;-47,000041;21;817
-24,193452;-47,000089;22;818
-24,193482;-47,00013;21;819
-24,193515;-47,000165;20;820
-24,193543;-47,000213;20;821
-24,193566;-47,000258;20;822
-24,193587;-47,000312;20;823
-24,193611;-47,000397;18;824
-24,193628;-47,000491;17;825
-24,193649;-47,000582;16;826
-24,193668;-47,000673;15;827
-24,193687;-47,000724;15;828
-24,193705;-47,00077;14;829
-24,193732;-47,000826;15;830
-24,193759;-47,00088;15;831
-24,193797;-47,000937;15;832
-24,193841;-47,000988;15;833
-24,193899;-47,001023;15;834
-24,193973;-47,001056;15;835
-24,194038;-47,001077;15;836
-24,194101;-47,001089;15;837
-24,194173;-47,001084;14;838
-24,194239;-47,001076;14;839
-24,194299;-47,001046;15;840
-24,194347;-47,001013;15;841
-24,194395;-47,000973;16;842
-24,194433;-47,000936;16;843
-24,194466;-47,000898;17;844
-24,194495;-47,000864;17;845
-24,194519;-47,000821;17;846
-24,194543;-47,000778;17;847
-24,194577;-47,000699;17;849
-24,194587;-47,000655;19;850
-24,194597;-47,000564;18;852
-24,194598;-47,000522;19;853
-24,194592;-47,000498;22;857
-24,194593;-47,000499;21;858
-24,194588;-47,000499;21;866
-24,194587;-47,000481;21;867
-24,19459;-47,000409;21;869
-24,194595;-47,000365;20;870
-24,194607;-47,000315;20;871
-24,19464;-47,00026;21;872
-24,194685;-47,0002;20;873
-24,194731;-47,000137;20;874
-24,194779;-47,000068;20;875
-24,194824;-47;20;876
-24,194866;-46,999934;20;877
-24,194909;-46,999872;19;878
-24,194954;-46,999814;19;879
-24,195009;-46,999758;18;880
-24,195071;-46,999701;18;881
-24,195135;-46,999647;17;882
-24,195196;-46,999595;18;883
-24,195251;-46,999541;16;884
-24,195303;-46,999498;16;885
-24,195354;-46,99946;16;886
-24,195402;-46,999422;17;887
-24,195453;-46,999376;16;888
-24,195501;-46,99932;16;889
-24,19554;-46,999262;17;890
-24,195571;-46,99921;18;891
-24,195593;-46,999158;17;892
-24,195604;-46,999105;18;893
-24,195607;-46,999054;18;894
-24,1956;-46,999001;18;895
-24,195585;-46,99895;19;896
-24,195561;-46,998866;21;898
-24,195557;-46,998824;21;899
-24,195553;-46,998729;22;901
-24,195556;-46,998683;22;902
-24,19556;-46,998635;22;903
-24,195564;-46,99858;22;904
-24,195573;-46,998526;22;905
-24,195587;-46,99847;22;906
-24,195604;-46,998409;22;907
-24,195629;-46,998344;22;908
-24,19566;-46,998277;21;909
-24,195692;-46,998209;21;910
-24,195725;-46,998142;20;911
-24,195754;-46,998082;20;912
-24,195775;-46,998031;20;913
-24,195796;-46,997978;20;914
-24,195817;-46,997919;20;915
-24,19584;-46,997853;21;916
-24,195859;-46,997777;21;917
-24,195878;-46,997703;21;918
-24,195895;-46,997631;22;919
-24,195911;-46,99756;23;920
-24,195927;-46,997491;23;921
-24,195949;-46,997431;22;922
-24,195973;-46,997369;21;923
-24,196001;-46,9973;21;924
-24,196034;-46,997233;21;925
-24,196069;-46,997167;20;926
-24,196106;-46,997107;19;927
-24,19613;-46,997054;18;928
-24,196162;-46,99697;18;930
-24,196171;-46,996938;18;931
-24,196185;-46,996872;18;933
-24,19618;-46,996825;18;934
-24,196173;-46,996768;17;935
-24,196152;-46,996702;16;936
-24,196124;-46,996622;17;937
-24,196091;-46,996539;16;938
-24,196049;-46,996459;15;939
-24,196006;-46,996383;15;940
-24,195965;-46,996315;15;941
-24,195926;-46,996246;14;942
-24,195883;-46,996181;14;943
-24,195843;-46,996115;14;944
-24,195803;-46,99604;14;945
-24,19577;-46,995966;15;946
-24,195743;-46,99589;15;947
-24,195729;-46,995816;15;948
-24,195718;-46,99574;14;949
-24,195719;-46,995655;15;950
-24,195733;-46,995567;14;951
-24,195757;-46,995485;14;952
-24,195795;-46,995398;14;953
-24,195834;-46,99531;14;954
-24,195866;-46,995222;14;955
-24,195891;-46,995135;14;956
-24,195903;-46,99505;14;957
-24,1959;-46,994974;14;958
-24,19589;-46,99491;14;959
-24,195884;-46,994862;15;960
-24,195868;-46,994773;16;962
-24,195873;-46,994727;16;963
-24,195875;-46,994676;15;964
-24,195869;-46,994623;17;965
-24,19586;-46,994572;16;966
-24,195861;-46,994515;15;967
-24,195863;-46,994451;16;968
-24,195869;-46,994393;16;969
-24,195871;-46,994335;16;970
-24,195868;-46,994276;17;971
-24,195858;-46,994178;18;973
-24,195851;-46,994128;18;974
-24,195849;-46,994075;19;975
-24,195844;-46,994017;20;976
-24,195841;-46,993955;20;977
-24,19584;-46,993889;21;978
-24,195841;-46,99382;22;979
-24,195854;-46,993744;22;980
-24,195874;-46,993662;23;981
-24,195894;-46,993583;23;982
-24,19591;-46,993503;24;983
-24,195917;-46,993424;24;984
-24,195916;-46,993347;25;985
-24,195914;-46,993275;27;986
-24,195909;-46,993206;28;987
-24,1959;-46,993139;29;988
-24,195889;-46,993075;30;989
-24,19588;-46,993008;30;990
-24,195871;-46,992943;30;991
-24,195862;-46,992874;31;992
-24,195855;-46,992803;31;993
-24,195845;-46,992734;32;994
-24,195833;-46,992666;32;995
-24,195815;-46,992598;32;996
-24,195792;-46,992532;32;997
-24,195768;-46,992467;32;998
-24,195742;-46,992402;32;999
-24,195715;-46,992336;33;1000
-24,195688;-46,992279;33;1001
-24,195667;-46,992231;33;1002
-24,195636;-46,992165;34;1004
-24,195627;-46,992134;34;1005
-24,195616;-46,992057;33;1007
-24,195614;-46,992002;33;1008
-24,195611;-46,991944;33;1009
-24,195609;-46,991891;33;1010
-24,195603;-46,991807;35;1012
-24,195598;-46,991774;35;1013
-24,195575;-46,991694;34;1019
-24,195571;-46,991676;33;1020
-24,195555;-46,991598;32;1023
-24,195548;-46,991563;32;1024
-24,195535;-46,991487;30;1026
-24,195528;-46,991436;29;1027
-24,19552;-46,991374;29;1028
-24,195515;-46,991307;28;1029
-24,195512;-46,991228;29;1030
-24,195513;-46,991152;29;1031
-24,195515;-46,99108;28;1032
-24,195521;-46,991012;28;1033
-24,195522;-46,990951;28;1034
-24,195519;-46,99089;28;1035
-24,195514;-46,990829;28;1036
-24,195507;-46,990773;28;1037
-24,195502;-46,99072;29;1038
-24,195502;-46,990662;29;1039
-24,1955;-46,990606;29;1040
-24,195499;-46,990551;29;1041
-24,195499;-46,990489;30;1042
-24,195504;-46,990422;31;1043
-24,195508;-46,990353;31;1044
-24,19551;-46,990287;31;1045
-24,195512;-46,990228;31;1046
-24,195512;-46,990173;32;1047
-24,195511;-46,990078;33;1049
-24,195519;-46,990043;34;1050
-24,195536;-46,989975;35;1052
-24,195543;-46,989934;35;1053
-24,195553;-46,989885;35;1054
-24,195567;-46,989831;36;1055
-24,195579;-46,989774;37;1056
-24,195594;-46,989716;36;1057
-24,195603;-46,989647;36;1058
-24,195611;-46,98959;37;1059
-24,195621;-46,989538;37;1060
-24,195638;-46,989487;37;1061
-24,195662;-46,989434;37;1062
-24,195693;-46,98938;38;1063
-24,195727;-46,989335;38;1064
-24,195756;-46,989295;39;1065
-24,195789;-46,98925;40;1066
-24,195828;-46,989197;40;1067
-24,195869;-46,989141;40;1068
-24,19591;-46,98909;41;1069
-24,195955;-46,989038;41;1070
-24,195999;-46,988984;40;1071
-24,19604;-46,988931;41;1072
-24,196076;-46,988877;41;1073
-24,196114;-46,988822;42;1074
-24,196159;-46,988766;43;1075
-24,19621;-46,988707;43;1076
-24,196266;-46,988647;43;1077
-24,196326;-46,988588;43;1078
-24,196384;-46,988536;43;1079
-24,196443;-46,988487;43;1080
-24,196503;-46,988441;43;1081
-24,196564;-46,988395;43;1082
-24,196627;-46,988349;42;1083
-24,196685;-46,988306;42;1084
-24,196744;-46,988263;42;1085
-24,196801;-46,988216;42;1086
-24,196857;-46,988166;41;1087
-24,196912;-46,988118;42;1088
-24,196956;-46,988084;40;1089
-24,196998;-46,988049;39;1090
-24,197041;-46,988014;39;1091
-24,197093;-46,987975;38;1092
-24,197155;-46,987933;38;1093
-24,197232;-46,987892;37;1094
-24,197312;-46,987857;36;1095
-24,197399;-46,987822;35;1096
-24,197484;-46,987792;36;1097
-24,19757;-46,987752;35;1098
-24,197647;-46,987711;34;1099
-24,197724;-46,98767;33;1100
-24,197804;-46,987623;32;1101
-24,197877;-46,987576;31;1102
-24,197952;-46,98752;31;1103
-24,198019;-46,987444;31;1104
-24,19809;-46,987356;30;1105
-24,198153;-46,987274;29;1106
-24,198221;-46,987182;26;1107
-24,198289;-46,987107;25;1108
-24,198374;-46,987028;23;1109
-24,198461;-46,986965;22;1110
-24,198552;-46,986918;22;1111
-24,198646;-46,986894;21;1112
-24,198738;-46,986899;20;1113
-24,198834;-46,986918;20;1114
-24,198934;-46,986947;20;1115
-24,199038;-46,986981;20;1116
-24,199144;-46,987019;20;1117
-24,199245;-46,987063;18;1118
-24,199351;-46,987101;19;1119
-24,199455;-46,987135;18;1120
-24,199559;-46,987173;20;1121
-24,199663;-46,987216;21;1122
-24,19977;-46,987256;21;1123
-24,199875;-46,987293;21;1124
-24,199979;-46,987342;23;1125
-24,200076;-46,987392;24;1126
-24,200168;-46,98746;24;1127
-24,200257;-46,987521;25;1128
-24,20035;-46,987584;26;1129
-24,200443;-46,987645;27;1130
-24,200535;-46,9877;27;1131
-24,200627;-46,98775;28;1132
-24,200716;-46,987786;28;1133
-24,200801;-46,98781;29;1134
-24,200893;-46,987836;28;1135
-24,200976;-46,987871;29;1136
-24,201051;-46,98793;30;1137
-24,20112;-46,987994;30;1138
-24,201179;-46,988069;30;1139
-24,201233;-46,98815;30;1140
-24,20129;-46,988235;30;1141
-24,201345;-46,988319;30;1142
-24,201401;-46,9884;36;1143
-24,201452;-46,988475;33;1144
-24,201512;-46,988543;30;1145
-24,201576;-46,988609;29;1146
-24,201643;-46,98868;28;1147
-24,201717;-46,988748;31;1148
-24,201795;-46,988809;29;1149
-24,201874;-46,988869;27;1150
-24,20195;-46,988919;26;1151
-24,202026;-46,98896;25;1152
-24,202112;-46,98899;25;1153
-24,202211;-46,989003;22;1154
-24,202323;-46,989006;20;1155
-24,202434;-46,98901;18;1156
-24,202541;-46,989015;18;1157
-24,202644;-46,989018;18;1158
-24,202731;-46,989016;16;1159
-24,202818;-46,989002;16;1160
-24,202914;-46,988989;16;1161
-24,203014;-46,988971;16;1162
-24,203115;-46,988949;16;1163
-24,20322;-46,988925;16;1164
-24,203305;-46,988908;16;1165
-24,203388;-46,988888;16;1166
-24,203463;-46,988867;17;1167
-24,203534;-46,988848;18;1168
-24,203605;-46,988832;18;1169
-24,203678;-46,988817;17;1170
-24,203765;-46,988795;17;1171
-24,203856;-46,988763;18;1172
-24,203951;-46,988721;17;1173
-24,204044;-46,988669;16;1174
-24,204134;-46,988613;15;1175
-24,204221;-46,988552;15;1176
-24,204303;-46,988495;16;1177
-24,204378;-46,988444;16;1178
-24,204453;-46,988398;15;1179
-24,204528;-46,988356;15;1180
-24,2046;-46,988314;14;1181
-24,204677;-46,988275;14;1182
-24,204754;-46,988235;13;1183
-24,204836;-46,988192;11;1184
-24,204836;-46,988192;11;1185
-24,20492;-46,988149;10;1185
-24,205002;-46,988103;8;1186
-24,205087;-46,988051;8;1187
-24,205174;-46,987998;8;1188
-24,20526;-46,987939;8;1189
-24,205343;-46,987878;7;1190
-24,205425;-46,987811;7;1191
-24,205501;-46,987743;6;1192
-24,205579;-46,987678;6;1193
-24,205579;-46,987678;6;1194
-24,20566;-46,987617;6;1194
-24,205735;-46,987559;6;1195
-24,205814;-46,987497;7;1196
-24,205896;-46,987434;7;1197
-24,205978;-46,987369;7;1198
-24,205978;-46,987369;7;1198
-24,206064;-46,987302;7;1199
-24,20615;-46,987235;8;1200
-24,206235;-46,987169;9;1201
-24,206314;-46,987103;10;1202
-24,206393;-46,987045;11;1203
-24,206393;-46,987045;11;1203
-24,206468;-46,986988;12;1204
-24,206539;-46,986936;13;1205
-24,206606;-46,98689;14;1206
-24,206668;-46,986844;14;1207
-24,206735;-46,986795;14;1208
-24,206806;-46,986751;14;1209
-24,206878;-46,986709;14;1210
-24,206959;-46,986671;14;1211
-24,207045;-46,986639;14;1212
-24,207128;-46,986613;14;1213
-24,207214;-46,986592;13;1214
-24,207291;-46,986572;12;1215
-24,207359;-46,986557;12;1216
-24,207415;-46,986546;11;1217
-24,207467;-46,986533;12;1218
-24,207517;-46,986522;12;1219
-24,207563;-46,986514;12;1220
-24,207651;-46,986502;10;1222
-24,207697;-46,986498;10;1223
-24,207753;-46,98649;11;1224
-24,20781;-46,986473;11;1225
-24,207871;-46,98645;12;1226
-24,207933;-46,986424;11;1227
-24,207994;-46,986397;11;1228
-24,208067;-46,986357;11;1229
-24,208141;-46,986308;11;1230
-24,20822;-46,986261;11;1231
-24,208312;-46,986211;11;1232
-24,208411;-46,986156;10;1233
-24,208411;-46,986156;10;1233
-24,208512;-46,986104;10;1234
-24,208621;-46,986046;11;1235
-24,208721;-46,985982;11;1236
-24,208821;-46,985909;11;1237
-24,208925;-46,985831;12;1238
-24,208925;-46,985831;12;1238
-24,209016;-46,985759;12;1239
-24,209104;-46,985687;12;1240
-24,209188;-46,985622;12;1241
-24,209275;-46,98556;12;1242
-24,209362;-46,98551;11;1243
-24,209362;-46,98551;11;1244
-24,209447;-46,985474;11;1244
-24,209532;-46,985443;11;1245
-24,209611;-46,985419;11;1246
-24,209687;-46,985401;11;1247
-24,209768;-46,985386;11;1248
-24,209845;-46,985384;11;1249
-24,209919;-46,985395;12;1250
-24,209996;-46,985426;12;1251
-24,210071;-46,985472;12;1252
-24,21014;-46,985521;12;1254
-24,210214;-46,985574;12;1254
-24,210284;-46,985624;11;1255
-24,21036;-46,985672;10;1256
-24,210437;-46,985723;9;1257
-24,210518;-46,98577;9;1258
-24,210518;-46,98577;9;1258
-24,210603;-46,985813;8;1259
-24,210686;-46,985849;8;1260
-24,210777;-46,985878;8;1261
-24,210873;-46,985896;8;1262
-24,210969;-46,985914;8;1263
-24,210969;-46,985914;8;1263
-24,211064;-46,985929;8;1264
-24,21116;-46,985943;8;1265
-24,211255;-46,985959;9;1266
-24,211346;-46,985976;8;1267
-24,211438;-46,985996;9;1268
-24,211438;-46,985996;9;1268
-24,211537;-46,98601;10;1269
-24,211641;-46,986016;10;1270
-24,211746;-46,98602;9;1271
-24,211856;-46,986026;9;1272
-24,21197;-46,986024;9;1273
-24,21197;-46,986024;9;1273
-24,21209;-46,98602;9;1274
-24,212209;-46,986013;9;1275
-24,212331;-46,986005;9;1276
-24,212447;-46,985998;8;1277
-24,212569;-46,985991;8;1278
-24,212569;-46,985991;8;1278
-24,212692;-46,985982;9;1279
-24,212813;-46,98597;9;1280
-24,212937;-46,98596;9;1281
-24,213061;-46,985952;9;1282
-24,213189;-46,985941;9;1283
-24,213189;-46,985941;9;1283
-24,213314;-46,985933;9;1284
-24,213432;-46,98593;9;1285
-24,21355;-46,985927;9;1286
-24,21367;-46,985924;9;1287
-24,213782;-46,98592;9;1288
-24,213782;-46,98592;9;1288
-24,213894;-46,985915;9;1289
-24,214007;-46,985911;9;1290
-24,214118;-46,985907;9;1291
-24,214226;-46,985899;8;1292
-24,214332;-46,985893;9;1293
-24,214332;-46,985893;9;1293
-24,214433;-46,985893;9;1294
-24,214533;-46,985893;10;1295
-24,214633;-46,985891;10;1296
-24,214734;-46,985888;10;1297
-24,214836;-46,985888;10;1298
-24,214836;-46,985888;10;1298
-24,214939;-46,985885;10;1299
-24,215041;-46,98588;10;1300
-24,215142;-46,985874;10;1301
-24,215246;-46,985869;11;1302
-24,215352;-46,985866;11;1303
-24,215352;-46,985866;11;1303
-24,215458;-46,985862;11;1304
-24,215563;-46,985856;12;1305
-24,215663;-46,985852;11;1306
-24,215759;-46,985851;11;1307
-24,215851;-46,985854;11;1308
-24,215851;-46,985854;11;1309
-24,215942;-46,985856;11;1309
-24,216029;-46,985855;11;1310
-24,216122;-46,985845;11;1311
-24,216216;-46,985834;11;1312
-24,216307;-46,985831;11;1313
-24,216394;-46,985829;11;1314
-24,216482;-46,985827;11;1315
-24,21657;-46,985825;11;1316
-24,21666;-46,985825;11;1317
-24,216754;-46,985826;12;1318
-24,216754;-46,985826;12;1318
-24,21685;-46,985825;12;1319
-24,216948;-46,985821;12;1320
-24,217045;-46,98582;12;1321
-24,21715;-46,985814;12;1322
-24,217253;-46,985813;11;1323
-24,217253;-46,985813;11;1323
-24,217355;-46,985812;11;1324
-24,21746;-46,985814;11;1325
-24,21757;-46,985819;11;1326
-24,217666;-46,98582;11;1327
-24,217766;-46,985818;12;1328
-24,217766;-46,985818;12;1328
-24,217864;-46,985814;12;1329
-24,217961;-46,985809;12;1330
-24,218056;-46,985802;12;1331
-24,218154;-46,985795;12;1332
-24,218255;-46,985787;12;1333
-24,218255;-46,985787;12;1333
-24,218355;-46,985774;13;1334
-24,21846;-46,985756;14;1335
-24,218565;-46,985741;14;1336
-24,218665;-46,985727;13;1337
-24,218759;-46,985714;13;1338
-24,218848;-46,9857;13;1339
-24,218942;-46,985685;13;1340
-24,219041;-46,985667;13;1341
-24,219133;-46,985646;12;1342
-24,219229;-46,985622;13;1343
-24,219229;-46,985622;13;1343
-24,219323;-46,985599;12;1344
-24,219408;-46,985577;11;1345
-24,21949;-46,985557;11;1346
-24,21956;-46,985542;10;1347
-24,219625;-46,985524;10;1348
-24,219658;-46,985488;11;1357
-24,219658;-46,985488;10;1358
-24,219665;-46,985489;9;1384
-24,219684;-46,985482;9;1385
-24,219756;-46,985455;9;1387
-24,219803;-46,985434;8;1388
-24,219858;-46,985408;8;1389
-24,219915;-46,985387;9;1390
-24,219976;-46,985371;9;1391
-24,220043;-46,985354;9;1392
-24,22011;-46,985343;10;1393
-24,220182;-46,985338;10;1394
-24,220261;-46,985336;10;1395
-24,220344;-46,985344;11;1396
-24,220426;-46,985363;11;1397
-24,220504;-46,985386;12;1398
-24,220568;-46,985407;12;1399
-24,220636;-46,985429;13;1400
-24,220703;-46,985451;13;1401
-24,220772;-46,985476;14;1402
-24,220845;-46,985492;16;1403
-24,220914;-46,985509;15;1404
-24,220994;-46,98552;13;1405
-24,221071;-46,985518;13;1406
-24,221147;-46,985516;13;1407
-24,221224;-46,985523;12;1408
-24,221289;-46,985518;13;1409
-24,221354;-46,985515;14;1410
-24,221422;-46,985509;14;1411
-24,221494;-46,985505;14;1412
-24,221569;-46,985501;15;1413
-24,221641;-46,985505;15;1414
-24,221714;-46,985511;15;1415
-24,221785;-46,985517;15;1416
-24,22185;-46,985524;15;1417
-24,221914;-46,98553;15;1418
-24,221975;-46,985535;15;1419
-24,222036;-46,985535;15;1420
-24,222099;-46,985537;15;1421
-24,222164;-46,985538;15;1422
-24,222232;-46,985541;15;1423
-24,222301;-46,985545;15;1424
-24,222369;-46,985548;16;1425
-24,222449;-46,985552;16;1426
-24,222525;-46,985566;14;1427
-24,22261;-46,985578;14;1428
-24,222695;-46,985576;14;1429
-24,222792;-46,985571;16;1430
-24,222889;-46,985568;16;1431
-24,222973;-46,985561;17;1432
-24,223051;-46,98556;16;1433
-24,223132;-46,985562;15;1434
-24,223212;-46,98556;15;1435
-24,223295;-46,985565;15;1436
-24,223373;-46,985574;17;1437
-24,223455;-46,98559;16;1438
-24,22353;-46,985623;15;1439
-24,223608;-46,985656;15;1440
-24,223682;-46,985688;15;1441
-24,223761;-46,985718;15;1442
-24,223842;-46,98575;15;1443
-24,223917;-46,985793;16;1444
-24,223987;-46,985842;15;1445
-24,224055;-46,9859;15;1446
-24,224124;-46,985963;14;1447
-24,224199;-46,986031;13;1448
-24,224199;-46,986031;13;1448
-24,224273;-46,986104;12;1449
-24,224347;-46,986182;12;1450
-24,224418;-46,986262;12;1451
-24,224488;-46,986343;12;1452
-24,224555;-46,986417;12;1453
-24,224616;-46,986487;12;1454
-24,224683;-46,986558;12;1455
-24,224752;-46,986624;12;1456
-24,224818;-46,986687;11;1457
-24,224883;-46,986754;12;1458
-24,224947;-46,98682;12;1459
-24,225013;-46,986886;12;1460
-24,225079;-46,986953;12;1461
-24,22515;-46,987021;12;1462
-24,22522;-46,987095;13;1463
-24,225288;-46,987169;12;1464
-24,225356;-46,987243;12;1465
-24,225428;-46,987316;13;1466
-24,225502;-46,987385;13;1467
-24,225579;-46,987454;14;1468
-24,225653;-46,98752;14;1469
-24,22573;-46,987592;14;1470
-24,225805;-46,987665;14;1471
-24,225879;-46,987734;15;1472
-24,225947;-46,987797;14;1473
-24,226009;-46,987864;14;1474
-24,226071;-46,987932;15;1475
-24,226134;-46,988;15;1476
-24,226193;-46,988067;14;1477
-24,226249;-46,988133;14;1478
-24,226306;-46,988199;14;1479
-24,226362;-46,988264;14;1480
-24,226416;-46,988327;14;1481
-24,226474;-46,988391;14;1482
-24,226532;-46,98846;15;1483
-24,226589;-46,988527;15;1484
-24,226647;-46,988597;15;1485
-24,226705;-46,988666;15;1486
-24,226764;-46,988728;13;1487
-24,226817;-46,988792;13;1488
-24,226873;-46,988859;13;1489
-24,226932;-46,98893;14;1490
-24,226994;-46,988999;15;1491
-24,227062;-46,989065;14;1492
-24,227126;-46,989119;13;1493
-24,227189;-46,989173;12;1494
-24,227243;-46,989226;12;1495
-24,227289;-46,989286;12;1496
-24,227334;-46,98934;13;1497
-24,227381;-46,989398;13;1498
-24,227432;-46,989448;12;1499
-24,227484;-46,989496;10;1500
-24,227533;-46,989543;10;1501
-24,227577;-46,989594;10;1502
-24,227619;-46,989646;10;1503
-24,227666;-46,9897;10;1504
-24,227715;-46,989752;11;1505
-24,227767;-46,989804;11;1506
-24,227824;-46,98986;11;1507
-24,227879;-46,989914;12;1508
-24,227929;-46,989969;12;1509
-24,227972;-46,990023;13;1510
-24,228012;-46,990073;13;1511
-24,22805;-46,990117;14;1512
-24,228112;-46,990175;14;1514
-24,228138;-46,990192;14;1515
-24,228218;-46,990231;12;1518
-24,228251;-46,990244;12;1519
-24,228312;-46,99028;12;1521
-24,228345;-46,9903;12;1522
-24,22841;-46,990334;12;1524
-24,228442;-46,990347;12;1525
-24,228512;-46,990372;12;1527
-24,228552;-46,990385;11;1528
-24,228612;-46,990402;11;1529
-24,22867;-46,990414;12;1530
-24,228725;-46,990423;12;1531
-24,228782;-46,99043;13;1532
-24,228838;-46,990426;12;1533
-24,228896;-46,990411;12;1534
-24,228956;-46,990392;12;1535
-24,229013;-46,990372;12;1536
-24,229079;-46,99035;12;1537
-24,229151;-46,990323;12;1538
-24,229223;-46,990295;12;1539
-24,2293;-46,990265;12;1540
-24,229376;-46,990236;12;1541
-24,229451;-46,990202;12;1542
-24,229527;-46,990167;12;1543
-24,229602;-46,990128;11;1544
-24,229677;-46,990089;10;1545
-24,22975;-46,990053;11;1546
-24,229828;-46,990018;11;1547
-24,229905;-46,989988;12;1548
-24,229984;-46,989957;12;1549
-24,230056;-46,989926;12;1550
-24,230123;-46,989888;12;1551
-24,230186;-46,989852;12;1552
-24,230253;-46,989815;11;1553
-24,230332;-46,989782;12;1554
-24,230409;-46,989751;12;1555
-24,230487;-46,989718;12;1556
-24,230563;-46,989683;12;1557
-24,230636;-46,989644;11;1558
-24,230706;-46,989606;11;1559
-24,230776;-46,989575;10;1560
-24,230855;-46,989543;10;1561
-24,230937;-46,989515;10;1562
-24,231023;-46,989489;10;1563
-24,231111;-46,989467;10;1564
-24,231196;-46,989447;11;1565
-24,23128;-46,989429;11;1566
-24,231367;-46,989409;11;1567
-24,231456;-46,989392;11;1568
-24,231544;-46,989373;11;1569
-24,231631;-46,989351;11;1570
-24,231717;-46,989328;12;1571
-24,231786;-46,989306;12;1572
-24,231828;-46,989315;14;1580
-24,231828;-46,989315;15;1581
-24,231832;-46,989313;15;1600
-24,231845;-46,989307;15;1601
-24,231907;-46,989293;15;1604
-24,231944;-46,989283;15;1604
-24,23199;-46,98927;15;1605
-24,232042;-46,989253;15;1606
-24,2321;-46,989238;15;1607
-24,232164;-46,989219;15;1608
-24,23223;-46,989206;15;1609
-24,2323;-46,989188;15;1610
-24,232369;-46,989167;15;1611
-24,232438;-46,989148;15;1612
-24,232511;-46,989126;15;1614
-24,232586;-46,989107;15;1614
-24,232652;-46,989096;15;1615
-24,232724;-46,989083;15;1616
-24,232796;-46,989078;15;1617
-24,23287;-46,989082;16;1618
-24,232941;-46,989089;15;1619
-24,233016;-46,989108;15;1620
-24,233086;-46,989132;15;1621
-24,233158;-46,989156;13;1622
-24,23323;-46,989181;12;1623
-24,233299;-46,98921;13;1624
-24,233363;-46,989239;13;1625
-24,233429;-46,989262;13;1626
-24,233497;-46,989276;14;1627
-24,233559;-46,989293;15;1628
-24,233609;-46,989314;15;1629
-24,233652;-46,989334;15;1630
-24,233725;-46,989389;15;1632
-24,233758;-46,989418;14;1633
-24,233818;-46,989468;13;1635
-24,233848;-46,989492;12;1636
-24,233916;-46,989539;15;1638
-24,233945;-46,989553;14;1639
-24,234001;-46,989552;13;1645
-24,234;-46,989553;14;1646
-24,233994;-46,989555;14;1649
-24,233992;-46,989556;15;1650
-24,23399;-46,989557;14;1651
-24,233989;-46,989558;14;1652
-24,233987;-46,98956;14;1676
-24,233992;-46,98956;14;1677
-24,234061;-46,989569;10;1680
-24,234105;-46,989572;13;1681
-24,234154;-46,989573;12;1682
-24,23421;-46,989568;11;1683
-24,234284;-46,989564;10;1684
-24,234358;-46,989563;11;1685
-24,234433;-46,989557;11;1686
-24,234497;-46,989548;11;1687
-24,234556;-46,989541;10;1689
-24,234614;-46,989527;11;1689
-24,234673;-46,989515;11;1690
-24,234735;-46,989507;12;1691
-24,234799;-46,989501;12;1692
-24,234864;-46,989488;11;1693
-24,23493;-46,98948;11;1694
-24,234994;-46,989467;11;1695
-24,235072;-46,989463;11;1696
-24,235158;-46,989452;11;1697
-24,235247;-46,989446;11;1699
-24,235336;-46,989443;12;1699
-24,235423;-46,989436;12;1700
-24,235508;-46,989429;13;1701
-24,235578;-46,989419;10;1702
-24,23565;-46,989411;10;1703
-24,235727;-46,989407;11;1704
-24,23581;-46,989408;11;1705
-24,235893;-46,989404;11;1706
-24,235973;-46,989395;11;1707
-24,236054;-46,98938;12;1709
-24,236132;-46,989366;12;1709
-24,236209;-46,989349;12;1710
-24,236282;-46,98932;13;1711
-24,236358;-46,989278;12;1712
-24,236427;-46,989227;11;1713
-24,236493;-46,989169;10;1714
-24,236554;-46,989114;10;1715
-24,236624;-46,989059;11;1716
-24,236693;-46,989013;10;1717
-24,236771;-46,988976;10;1718
-24,236849;-46,988949;9;1719
-24,236921;-46,988927;10;1720
-24,236995;-46,988907;10;1721
-24,237059;-46,988886;10;1722
-24,237109;-46,98887;11;1723
-24,237191;-46,988849;12;1725
-24,237215;-46,988838;12;1726
-24,237218;-46,98884;13;1729
-24,237211;-46,98884;14;1730
-24,237203;-46,98884;15;1731
-24,23718;-46,988839;15;1737
-24,237179;-46,988839;15;1738
-24,237185;-46,98884;16;1773
-24,237192;-46,988841;16;1774
-24,237236;-46,988835;16;1775
-24,237297;-46,98882;17;1776
-24,237379;-46,988813;17;1777
-24,237467;-46,988804;16;1778
-24,237467;-46,988804;16;1778
-24,237558;-46,988798;16;1779
-24,237649;-46,988804;14;1780
-24,237738;-46,988813;14;1781
-24,237827;-46,988822;14;1782
-24,237911;-46,988835;14;1783
-24,237994;-46,988854;13;1784
-24,238071;-46,988875;12;1785
-24,238152;-46,988899;12;1786
-24,238238;-46,98892;11;1787
-24,238319;-46,988949;12;1788
-24,238395;-46,988996;12;1789
-24,238462;-46,989051;12;1790
-24,238529;-46,98911;12;1791
-24,238594;-46,989165;13;1792
-24,23866;-46,98922;13;1793
-24,238723;-46,989276;13;1794
-24,238783;-46,989331;14;1795
-24,238848;-46,989385;13;1796
-24,23891;-46,989436;12;1797
-24,238974;-46,989492;11;1798
-24,239047;-46,989547;11;1799
-24,239122;-46,9896;11;1800
-24,239203;-46,989646;12;1801
-24,239291;-46,989686;11;1802
-24,239376;-46,989714;10;1803
-24,239466;-46,989728;10;1804
-24,239554;-46,989734;10;1805
-24,239644;-46,989731;9;1806
-24,239742;-46,989725;9;1807
-24,239838;-46,989719;9;1808
-24,239838;-46,989719;9;1808
-24,239936;-46,98971;9;1809
-24,240031;-46,989701;9;1810
-24,240122;-46,989699;8;1811
-24,240211;-46,989709;8;1812
-24,240295;-46,989734;9;1813
-24,240371;-46,989778;8;1815
-24,240442;-46,989839;9;1815
-24,240515;-46,989912;9;1816
-24,240574;-46,989984;9;1817
-24,240638;-46,990064;9;1818
-24,240697;-46,990141;9;1819
-24,240758;-46,99022;9;1820
-24,240758;-46,99022;9;1820
-24,240816;-46,990298;10;1821
-24,240878;-46,990375;10;1822
-24,240941;-46,990447;9;1823
-24,241008;-46,990509;8;1824
-24,241077;-46,990572;7;1825
-24,241144;-46,99063;6;1826
-24,241199;-46,990701;6;1827
-24,24125;-46,990781;7;1828
-24,241301;-46,990863;6;1829
-24,241354;-46,990943;5;1830
-24,241407;-46,991017;5;1831
-24,241457;-46,991086;5;1832
-24,241507;-46,991149;6;1833
-24,241554;-46,991211;5;1834
-24,2416;-46,991276;4;1835
-24,241647;-46,991349;3;1836
-24,241693;-46,991424;3;1837
-24,241745;-46,991502;4;1838
-24,241801;-46,991583;4;1839
-24,24186;-46,991666;5;1840
-24,24186;-46,991666;5;1840
-24,241925;-46,991751;5;1841
-24,24199;-46,991837;5;1842
-24,242053;-46,991918;5;1843
-24,242116;-46,992001;5;1844
-24,242177;-46,992086;6;1845
-24,242177;-46,992086;6;1845
-24,242241;-46,992166;6;1846
-24,242307;-46,992245;6;1847
-24,242375;-46,992324;7;1848
-24,242444;-46,992405;8;1849
-24,24251;-46,992483;8;1850
-24,24251;-46,992483;8;1850
-24,242574;-46,992553;8;1851
-24,242635;-46,992619;8;1852
-24,242699;-46,992681;9;1853
-24,242756;-46,992751;9;1854
-24,24281;-46,992822;10;1855
-24,242864;-46,992895;10;1856
-24,242915;-46,992962;9;1857
-24,242974;-46,993028;10;1858
-24,243041;-46,993094;10;1859
-24,243104;-46,993151;11;1860
-24,243172;-46,993209;12;1861
-24,24324;-46,993261;13;1862
-24,24331;-46,993307;13;1863
-24,243379;-46,993347;13;1864
-24,243447;-46,993388;14;1865
-24,243518;-46,993434;14;1866
-24,243584;-46,993474;14;1867
-24,243661;-46,993511;15;1868
-24,24374;-46,993547;14;1869
-24,243826;-46,993585;15;1870
-24,243911;-46,993624;15;1871
-24,243994;-46,993662;14;1872
-24,243994;-46,993662;14;1872
-24,244077;-46,993702;13;1873
-24,244162;-46,993747;13;1874
-24,244243;-46,993797;14;1875
-24,244321;-46,993856;14;1876
-24,244385;-46,993912;14;1877
-24,244451;-46,993975;14;1878
-24,244508;-46,994036;14;1879
-24,244557;-46,994092;15;1880
-24,244599;-46,994141;16;1881
-24,244632;-46,994178;16;1882
-24,244665;-46,994207;16;1883
-24,244705;-46,994237;15;1884
-24,24475;-46,994267;15;1885
-24,244797;-46,994298;16;1886
-24,244847;-46,99433;16;1887
-24,244894;-46,994358;15;1888
-24,244944;-46,994385;14;1889
-24,244994;-46,99441;14;1890
-24,245045;-46,994434;13;1891
-24,245098;-46,994459;13;1892
-24,245151;-46,994482;12;1893
-24,245208;-46,994509;12;1894
-24,245265;-46,994538;12;1895
-24,245331;-46,994572;12;1896
-24,245402;-46,99461;11;1897
-24,245484;-46,99465;11;1898
-24,245565;-46,994688;10;1899
-24,245644;-46,994727;10;1900
-24,245724;-46,994763;10;1901
-24,245803;-46,994802;10;1902
-24,245878;-46,994842;9;1903
-24,245948;-46,994881;8;1904
-24,246011;-46,994926;8;1905
-24,246064;-46,994972;9;1906
-24,246103;-46,995015;9;1907
-24,246131;-46,995044;9;1908
-24,246166;-46,995074;8;1914
-24,246202;-46,995126;8;1915
-24,246243;-46,995193;9;1916
-24,246295;-46,995279;8;1917
-24,246359;-46,995379;8;1918
-24,246431;-46,99548;7;1919
-24,24651;-46,995579;6;1920
-24,246592;-46,995678;5;1921
-24,246677;-46,995776;4;1922
-24,246761;-46,995876;4;1923
-24,246761;-46,995876;4;1923
-24,246847;-46,995975;5;1924
-24,246931;-46,996071;5;1925
-24,247015;-46,996167;6;1926
-24,247094;-46,996255;6;1927
-24,247177;-46,996344;6;1928
-24,247177;-46,996344;6;1928
-24,24726;-46,996436;6;1929
-24,247345;-46,996532;6;1930
-24,247428;-46,996627;6;1931
-24,247513;-46,996722;7;1932
-24,247595;-46,996819;7;1933
-24,247595;-46,996819;7;1933
-24,247682;-46,996919;8;1934
-24,247769;-46,997021;9;1935
-24,247857;-46,997119;9;1936
-24,247943;-46,997214;8;1937
-24,248027;-46,997302;8;1938
-24,248027;-46,997302;8;1938
-24,248106;-46,997386;8;1939
-24,248181;-46,997463;8;1940
-24,248258;-46,997535;8;1941
-24,248341;-46,997593;8;1942
-24,248431;-46,997629;8;1943
-24,248431;-46,997629;8;1943
-24,248528;-46,997641;9;1944
-24,248625;-46,997627;8;1945
-24,248719;-46,997557;9;1946
-24,248804;-46,997455;8;1947
-24,248886;-46,997346;8;1948
-24,248886;-46,997346;8;1948
-24,248974;-46,997233;8;1949
-24,24907;-46,997138;8;1950
-24,249183;-46,997047;7;1951
-24,249302;-46,996964;7;1952
-24,249435;-46,996886;7;1953
-24,249435;-46,996886;7;1953
-24,249571;-46,996814;6;1954
-24,249711;-46,99675;5;1955
-24,249853;-46,996689;5;1956
-24,249996;-46,99663;5;1957
-24,250136;-46,996565;5;1958
-24,250136;-46,996565;5;1958
-24,25027;-46,99649;5;1959
-24,250399;-46,996399;4;1960
-24,250517;-46,996293;5;1961
-24,250625;-46,996163;5;1962
-24,250729;-46,99602;4;1963
-24,250729;-46,99602;4;1963
-24,250834;-46,995871;3;1964
-24,250943;-46,995721;2;1965
-24,251057;-46,995571;3;1966
-24,251169;-46,995426;3;1967
-24,251282;-46,995282;3;1968
-24,251282;-46,995282;3;1969
-24,251396;-46,995139;3;1969
-24,251512;-46,994995;3;1970
-24,251631;-46,994846;3;1971
-24,251751;-46,9947;2;1972
-24,251874;-46,994552;2;1973
-24,251874;-46,994552;2;1974
-24,251996;-46,994402;2;1974
-24,252115;-46,994255;2;1975
-24,252225;-46,994114;2;1976
-24,252339;-46,993972;2;1977
-24,252444;-46,993845;2;1978
-24,252444;-46,993845;2;1978
-24,252546;-46,993724;2;1979
-24,252645;-46,993604;2;1980
-24,252737;-46,99348;2;1981
-24,252818;-46,993356;2;1982
-24,252892;-46,993223;2;1983
-24,252892;-46,993223;2;1983
-24,252952;-46,993101;2;1984
-24,253016;-46,992968;2;1985
-24,253082;-46,992831;2;1986
-24,253155;-46,992689;2;1987
-24,253227;-46,99254;2;1988
-24,253227;-46,99254;2;1988
-24,253303;-46,992387;1;1989
-24,253383;-46,992234;1;1990
-24,253468;-46,992077;1;1991
-24,25355;-46,991933;2;1992
-24,253634;-46,991791;1;1993
-24,253634;-46,991791;1;1993
-24,253723;-46,991658;1;1994
-24,253819;-46,991539;1;1995
-24,253926;-46,991442;2;1996
-24,254048;-46,991359;1;1997
-24,254178;-46,991287;1;1998
-24,254178;-46,991287;1;1998
-24,254313;-46,991221;1;1999
-24,25445;-46,991152;2;2000
-24,254582;-46,991068;2;2001
-24,254702;-46,990974;2;2002
-24,254814;-46,990857;2;2003
-24,254814;-46,990857;2;2003
-24,254917;-46,990725;2;2004
-24,25502;-46,990586;5;2005
-24,255112;-46,990464;3;2006
-24,255197;-46,990357;3;2007
-24,25527;-46,990274;3;2008
-24,255315;-46,990224;3;2009
-24,255353;-46,990184;3;2010
-24,255389;-46,990141;3;2011
-24,255429;-46,99009;3;2012
-24,255476;-46,990029;3;2013
-24,255533;-46,989959;3;2014
-24,255591;-46,989883;3;2015
-24,255645;-46,989815;3;2016
-24,255699;-46,98975;3;2017
-24,255744;-46,989695;3;2018
-24,255785;-46,989638;4;2019
-24,255824;-46,989578;4;2020
-24,255868;-46,989511;4;2021
-24,25592;-46,989441;4;2022
-24,25598;-46,989368;4;2023
-24,256047;-46,989292;4;2024
-24,256119;-46,989207;4;2025
-24,256187;-46,989118;4;2026
-24,256251;-46,989029;4;2027
-24,256315;-46,98895;4;2028
-24,256369;-46,98889;4;2029
-24,256424;-46,988831;4;2030
-24,256476;-46,988772;4;2031
-24,25653;-46,988705;4;2032
-24,256585;-46,988635;4;2033
-24,256647;-46,98856;5;2034
-24,25671;-46,988487;5;2035
-24,25671;-46,988487;5;2036
-24,256775;-46,988414;5;2036
-24,256837;-46,988341;5;2037
-24,256896;-46,988268;5;2038
-24,256953;-46,988195;5;2039
-24,257008;-46,988122;5;2040
-24,25706;-46,988053;5;2041
-24,257108;-46,987991;5;2042
-24,257152;-46,987939;5;2043
-24,257194;-46,98789;4;2044
-24,257234;-46,987842;4;2045
-24,257273;-46,987795;4;2046
-24,257315;-46,987743;4;2047
-24,257364;-46,987682;4;2048
-24,25742;-46,987615;4;2049
-24,257482;-46,98754;4;2050
-24,257549;-46,987456;3;2051
-24,257619;-46,987369;3;2052
-24,257698;-46,987271;3;2053
-24,257698;-46,987271;3;2053
-24,257783;-46,987169;3;2054
-24,257877;-46,987059;3;2055
-24,257975;-46,986945;3;2056
-24,258076;-46,986823;3;2057
-24,258176;-46,986701;3;2058
-24,258176;-46,986701;3;2058
-24,258285;-46,986569;3;2059
-24,258396;-46,986434;3;2060
-24,25851;-46,986296;3;2061
-24,258626;-46,986153;3;2062
-24,258741;-46,986013;4;2063
-24,258741;-46,986013;4;2063
-24,258852;-46,985877;4;2064
-24,258957;-46,985745;5;2065
-24,259061;-46,98562;5;2066
-24,259165;-46,985497;5;2067
-24,259267;-46,985381;6;2068
-24,259267;-46,985381;6;2068
-24,259369;-46,985265;6;2069
-24,259475;-46,985145;5;2070
-24,259582;-46,985019;4;2071
-24,259685;-46,984896;4;2072
-24,259791;-46,984768;4;2073
-24,259791;-46,984768;4;2073
-24,259896;-46,984639;3;2074
-24,259999;-46,984511;3;2075
-24,260102;-46,984377;2;2076
-24,260201;-46,984238;2;2077
-24,260299;-46,984099;3;2078
-24,260299;-46,984099;3;2078
-24,2604;-46,983962;2;2079
-24,2605;-46,98383;2;2080
-24,260606;-46,9837;2;2081
-24,260715;-46,983579;2;2082
-24,260822;-46,983466;2;2083
-24,260822;-46,983466;2;2083
-24,260933;-46,983353;2;2084
-24,261045;-46,983247;2;2085
-24,261162;-46,98314;3;2086
-24,261287;-46,983031;2;2087
-24,261417;-46,98292;2;2088
-24,261417;-46,98292;2;2088
-24,261548;-46,982808;2;2089
-24,261678;-46,982696;2;2090
-24,261813;-46,982582;1;2091
-24,261945;-46,982471;2;2092
-24,262082;-46,982359;2;2093
-24,262082;-46,982359;2;2093
-24,262218;-46,982247;2;2094
-24,26235;-46,982134;2;2095
-24,26248;-46,982021;2;2096
-24,262599;-46,981898;2;2097
-24,262706;-46,981763;2;2098
-24,262706;-46,981763;2;2098
-24,262805;-46,981622;3;2099
-24,262893;-46,98148;3;2100
-24,262974;-46,981342;3;2101
-24,263047;-46,981188;2;2102
-24,263101;-46,981036;2;2103
-24,263101;-46,981036;2;2103
-24,263157;-46,980861;2;2104
-24,26321;-46,980695;1;2105
-24,263271;-46,980518;1;2106
-24,26333;-46,980342;2;2107
-24,263393;-46,980164;2;2108
-24,263393;-46,980164;2;2108
-24,263453;-46,980002;1;2109
-24,263516;-46,979825;1;2110
-24,263582;-46,979648;1;2111
-24,263646;-46,979474;2;2112
-24,263706;-46,979302;2;2113
-24,263706;-46,979302;2;2113
-24,263766;-46,979123;2;2114
-24,263825;-46,978945;2;2115
-24,263879;-46,978771;3;2116
-24,263926;-46,978595;3;2117
-24,263963;-46,978425;3;2118
-24,263963;-46,978425;3;2118
-24,263991;-46,978246;3;2119
-24,264006;-46,978066;3;2120
-24,264014;-46,977892;5;2121
-24,264018;-46,977726;5;2122
-24,264018;-46,977569;5;2123
-24,264018;-46,977569;5;2123
-24,264015;-46,97742;6;2124
-24,264012;-46,977273;5;2125
-24,264009;-46,977111;6;2126
-24,264004;-46,97696;6;2127
-24,263995;-46,976796;6;2128
-24,263995;-46,976796;6;2128
-24,263983;-46,976643;5;2129
-24,26396;-46,976489;4;2130
-24,263931;-46,976333;4;2131
-24,263895;-46,976173;3;2132
-24,263851;-46,976009;3;2133
-24,263851;-46,976009;3;2133
-24,263802;-46,975839;3;2134
-24,263756;-46,975676;4;2135
-24,263708;-46,975508;5;2136
-24,26366;-46,975344;5;2137
-24,263615;-46,975191;5;2138
-24,263615;-46,975191;5;2138
-24,263574;-46,975034;5;2139
-24,263528;-46,974872;6;2140
-24,263476;-46,974718;6;2141
-24,263423;-46,974569;6;2142
-24,263366;-46,974422;6;2143
-24,263366;-46,974422;6;2143
-24,263312;-46,974275;6;2144
-24,263257;-46,974126;6;2145
-24,263199;-46,973977;6;2146
-24,263146;-46,973835;6;2147
-24,263106;-46,973721;5;2148
-24,263106;-46,973721;5;2148
-24,263072;-46,973623;5;2149
-24,263043;-46,973539;5;2150
-24,263008;-46,973442;5;2151
-24,262966;-46,973334;5;2152
-24,262928;-46,973216;5;2153
-24,262928;-46,973216;5;2153
-24,262891;-46,973081;5;2154
-24,262856;-46,972939;5;2155
-24,262827;-46,972787;5;2156
-24,262813;-46,972628;5;2157
-24,262811;-46,972468;5;2158
-24,262811;-46,972468;5;2158
-24,262822;-46,972312;5;2159
-24,262842;-46,972163;5;2160
-24,262869;-46,972027;5;2161
-24,262895;-46,971926;5;2162
-24,262917;-46,971843;4;2163
-24,262935;-46,971783;4;2164
-24,262949;-46,971726;4;2165
-24,262965;-46,971663;4;2166
-24,262985;-46,971587;3;2167
-24,263008;-46,971502;4;2168
-24,263035;-46,97141;3;2169
-24,263064;-46,971301;2;2170
-24,263096;-46,971187;2;2171
-24,263132;-46,971061;2;2172
-24,263169;-46,970929;1;2173
-24,263169;-46,970929;1;2173
-24,263211;-46,970788;2;2174
-24,263255;-46,970641;1;2175
-24,263309;-46,970489;1;2176
-24,26337;-46,970334;1;2177
-24,263433;-46,970174;1;2178
-24,263433;-46,970174;1;2178
-24,263502;-46,970014;2;2179
-24,263574;-46,969853;2;2180
-24,263646;-46,969698;2;2181
-24,263717;-46,969551;2;2182
-24,263785;-46,969399;2;2183
-24,263785;-46,969399;2;2183
-24,26385;-46,969255;2;2184
-24,263915;-46,969113;2;2185
-24,263981;-46,968967;2;2186
-24,26405;-46,968816;2;2187
-24,264109;-46,968677;2;2188
-24,264109;-46,968677;2;2188
-24,264171;-46,968541;3;2189
-24,264234;-46,9684;3;2190
-24,264297;-46,968258;3;2191
-24,264356;-46,968128;3;2192
-24,264421;-46,967993;4;2193
-24,264421;-46,967993;4;2193
-24,264482;-46,967856;3;2194
-24,264543;-46,96772;3;2195
-24,264604;-46,967585;3;2196
-24,264668;-46,967443;3;2197
-24,26473;-46,967306;3;2198
-24,26473;-46,967306;3;2198
-24,264794;-46,967171;5;2199
-24,264857;-46,967037;5;2200
-24,264913;-46,966911;6;2201
-24,264972;-46,966771;5;2202
-24,265028;-46,966641;5;2203
-24,265028;-46,966641;5;2203
-24,265084;-46,966515;6;2204
-24,265133;-46,966404;5;2205
-24,265172;-46,966317;5;2206
-24,265196;-46,966253;6;2207
-24,265217;-46,966196;6;2208
-24,265239;-46,966142;6;2209
-24,265263;-46,966078;5;2210
-24,265292;-46,966003;5;2211
-24,26533;-46,965919;5;2212
-24,265373;-46,965821;5;2213
-24,265373;-46,965821;5;2213
-24,265419;-46,965721;5;2214
-24,265469;-46,96561;5;2215
-24,265523;-46,965495;6;2216
-24,265587;-46,965366;5;2217
-24,265646;-46,965235;5;2218
-24,265646;-46,965235;5;2218
-24,265708;-46,965091;5;2219
-24,26577;-46,964943;5;2220
-24,265837;-46,964791;5;2221
-24,265902;-46,964648;5;2222
-24,265964;-46,964515;5;2223
-24,265964;-46,964515;5;2223
-24,266026;-46,964382;5;2224
-24,266082;-46,964256;5;2225
-24,266136;-46,964139;5;2226
-24,266184;-46,964028;5;2227
-24,266227;-46,96393;5;2228
-24,266265;-46,963845;5;2229
-24,266292;-46,963782;5;2230
-24,266311;-46,963735;5;2231
-24,266329;-46,963687;5;2232
-24,266353;-46,963629;5;2233
-24,266383;-46,963561;5;2234
-24,266416;-46,963481;5;2235
-24,266457;-46,963393;5;2236
-24,266503;-46,963297;5;2237
-24,266551;-46,963193;5;2238
-24,266551;-46,963193;5;2238
-24,266602;-46,963086;5;2239
-24,266657;-46,96297;6;2240
-24,266712;-46,962845;6;2241
-24,266768;-46,962732;6;2242
-24,266823;-46,962617;7;2243
-24,266823;-46,962617;7;2243
-24,266872;-46,962517;7;2244
-24,266908;-46,962439;7;2245
-24,266935;-46,962392;7;2246
-24,26696;-46,962341;7;2247
-24,26698;-46,96229;7;2248
-24,267006;-46,962225;8;2249
-24,26704;-46,962153;7;2250
-24,267078;-46,962076;7;2251
-24,267116;-46,961989;7;2252
-24,267152;-46,961899;7;2253
-24,267193;-46,961796;7;2254
-24,267231;-46,961692;6;2255
-24,267273;-46,96157;6;2256
-24,26731;-46,961458;6;2257
-24,267346;-46,961341;6;2258
-24,267346;-46,961341;6;2258
-24,267374;-46,961242;6;2259
-24,267395;-46,961164;6;2260
-24,267407;-46,961109;6;2261
-24,267428;-46,961014;7;2263
-24,267441;-46,960954;6;2264
-24,267459;-46,960884;6;2265
-24,267482;-46,960803;6;2266
-24,267507;-46,960714;6;2267
-24,267534;-46,960621;5;2268
-24,267534;-46,960621;5;2268
-24,267567;-46,960515;5;2269
-24,2676;-46,960404;5;2270
-24,267628;-46,960288;5;2271
-24,267659;-46,960165;5;2272
-24,26769;-46,960045;5;2273
-24,26769;-46,960045;5;2273
-24,267722;-46,959921;5;2274
-24,267753;-46,959803;5;2275
-24,267788;-46,959686;4;2276
-24,267818;-46,959579;4;2277
-24,267841;-46,959486;5;2278
-24,267856;-46,959422;4;2279
-24,267866;-46,959367;5;2280
-24,267882;-46,959317;5;2281
-24,267899;-46,959271;6;2282
-24,267919;-46,959226;6;2283
-24,267944;-46,959179;6;2284
-24,267979;-46,959134;6;2285
-24,268026;-46,959093;7;2286
-24,268081;-46,959057;7;2287
-24,268145;-46,959017;8;2289
-24,268212;-46,958966;7;2289
-24,268286;-46,958915;7;2290
-24,268362;-46,95886;7;2291
-24,268447;-46,958835;7;2292
-24,26853;-46,95882;7;2293
-24,268602;-46,958793;8;2294
-24,268657;-46,95874;8;2295
-24,268687;-46,958673;8;2296
-24,268703;-46,9586;8;2297
-24,268719;-46,958528;8;2298
-24,268744;-46,958468;8;2299
-24,268778;-46,95841;8;2300
-24,268821;-46,958357;7;2301
-24,268865;-46,958311;7;2302
-24,268908;-46,958264;7;2303
-24,268949;-46,958222;7;2304
-24,268986;-46,958186;7;2305
-24,269028;-46,958147;7;2306
-24,269063;-46,958106;7;2307
-24,269101;-46,958069;7;2308
-24,26914;-46,958031;7;2309
-24,269184;-46,957985;7;2310
-24,269226;-46,957937;6;2311
-24,269274;-46,957886;7;2312
-24,269332;-46,957828;6;2313
-24,269396;-46,957768;7;2314
-24,269466;-46,957707;8;2315
-24,269546;-46,95764;8;2316
-24,269546;-46,95764;8;2317
-24,269619;-46,957575;9;2317
-24,269702;-46,957492;9;2318
-24,269782;-46,95741;9;2319
-24,26986;-46,957329;8;2320
-24,269934;-46,95725;8;2321
-24,269934;-46,95725;8;2322
-24,270006;-46,957179;8;2322
-24,270073;-46,957111;9;2323
-24,270132;-46,957053;9;2324
-24,270188;-46,956999;10;2325
-24,270242;-46,956945;10;2327
-24,270294;-46,956888;10;2327
-24,270343;-46,95683;10;2328
