Lat;Lon;Alt;Tempo;Vel
-24,177337;-47,024178;98;0;0,000000
-24,177353;-47,024119;97;1;22,768954
-24,177335;-47,023955;105;2;66,861244
-24,177401;-47,023985;118;5;18,284181
-24,177423;-47,023989;121;6;14,008171
-24,177446;-47,023987;119;11;2,341270
-24,177444;-47,023987;119;12;0,764430
-24,177446;-47,023995;120;44;0,146828
-24,177444;-47,023999;121;45;3,955758
-24,177427;-47,024032;120;56;1,300438
-24,177426;-47,024034;119;57;3,696109
-24,177423;-47,024036;119;59;0,683727
-24,177420;-47,024038;119;60;1,367454
-24,177397;-47,024124;117;73;2,578407
-24,177392;-47,024134;117;74;4,158948
-24,177381;-47,024220;116;79;6,385031
-24,177386;-47,024238;116;80;6,871369
-24,177435;-47,024272;116;87;3,317006
-24,177430;-47,024271;115;88;4,129222
-24,177424;-47,024270;116;89;4,336304
-24,177407;-47,024272;116;93;1,709317
-24,177411;-47,024270;116;96;0,966936
-24,177418;-47,024263;117;97;5,228296
-24,177438;-47,024197;118;100;8,552578
-24,177434;-47,024165;118;101;11,798002
-24,177403;-47,024082;118;104;10,920620
-24,177390;-47,024057;118;105;10,503610
-24,177364;-47,023978;119;108;10,296271
-24,177357;-47,023946;119;109;12,018820
-24,177344;-47,023870;119;111;14,123344
-24,177337;-47,023834;118;112;13,919726
-24,177319;-47,023766;118;114;12,933330
-24,177308;-47,023732;117;115;13,661247
-24,177281;-47,023667;116;117;13,169388
-24,177264;-47,023637;116;118;12,905060
-24,177216;-47,023585;116;120;13,512256
-24,177185;-47,023561;116;121;15,196587
-24,177126;-47,023508;116;123;15,272343
-24,177104;-47,023481;115;124;13,703955
-24,177073;-47,023421;115;126;12,595706
-24,177069;-47,023386;115;127;12,891469
-24,177080;-47,023307;113;129;15,033797
-24,177101;-47,023239;112;130;26,469350
-24,177121;-47,023175;111;131;24,969820
-24,177137;-47,023114;111;132;23,186303
-24,177152;-47,023056;111;133;22,020355
-24,177169;-47,022995;112;134;23,578395
-24,177180;-47,022939;113;135;21,231043
-24,177184;-47,022880;113;136;21,610526
-24,177181;-47,022821;114;137;21,881639
-24,177178;-47,022766;115;138;20,443007
-24,177164;-47,022679;116;140;16,234815
-24,177154;-47,022639;116;141;15,150373
-24,177115;-47,022559;115;144;11,109182
-24,177097;-47,022533;115;145;11,921184
-24,177032;-47,022467;114;147;17,830144
-24,176991;-47,022431;115;148;21,340853
-24,176948;-47,022391;113;149;23,701188
-24,176906;-47,022344;113;150;24,030346
-24,176864;-47,022297;113;151;24,030346
-24,176819;-47,022258;113;152;22,973627
-24,176778;-47,022223;113;153;20,811592
-24,176734;-47,022183;113;154;22,892087
-24,176693;-47,022110;113;156;15,658687
-24,176695;-47,022071;113;157;14,276634
-24,176708;-47,021983;114;159;16,381725
-24,176724;-47,021934;114;160;19,009572
-24,176750;-47,021890;113;161;19,485889
-24,176784;-47,021853;112;162;19,518849
-24,176824;-47,021819;112;163;20,268204
-24,176857;-47,021791;111;164;17,096218
-24,176922;-47,021751;113;166;15,353023
-24,176950;-47,021750;112;167;11,777637
-24,177033;-47,021724;112;170;11,521805
-24,177051;-47,021713;111;171;9,005307
-24,177076;-47,021698;111;174;3,805124
-24,177062;-47,021701;111;175;5,700002
-24,177051;-47,021704;111;176;4,548197
-24,177047;-47,021705;111;177;1,639519
-24,177051;-47,021704;111;178;1,639519
-24,177062;-47,021698;112;179;6,104841
-24,177130;-47,021642;111;183;8,561055
-24,177143;-47,021624;110;184;9,127765
-24,177173;-47,021535;108;188;8,849561
-24,177177;-47,021507;107;189;10,965728
-24,177180;-47,021434;106;191;13,467738
-24,177180;-47,021393;106;192;14,971899
-24,177181;-47,021314;106;194;14,429308
-24,177180;-47,021277;105;195;13,990911
-24,177172;-47,021208;105;197;12,701962
-24,177166;-47,021173;104;198;13,502054
-24,177152;-47,021099;104;200;13,802139
-24,177143;-47,021052;104;201;17,538625
-24,177133;-47,021001;103;202;19,392702
-24,177125;-47,020943;103;203;21,428591
-24,177121;-47,020886;103;204;20,884468
-24,177118;-47,020836;102;205;18,658639
-24,177117;-47,020784;102;206;19,000348
-24,177122;-47,020733;101;207;19,082874
-24,177133;-47,020647;101;209;15,860767
-24,177136;-47,020610;101;210;13,571589
-24,177146;-47,020533;98;213;10,131075
-24,177142;-47,020507;97;214;10,283737
-24,177128;-47,020435;97;216;13,446144
-24,177118;-47,020396;96;217;15,230741
-24,177098;-47,020315;95;219;15,432105
-24,177090;-47,020273;94;220;16,078093
-24,177079;-47,020181;94;222;16,947255
-24,177077;-47,020134;92;223;18,632551
-24,177075;-47,020047;92;225;15,895729
-24,177075;-47,020011;91;226;13,635558
-24,177073;-47,019939;89;228;13,640914
-24,177071;-47,019899;90;229;15,068739
-24,177055;-47,019821;90;231;14,600409
-24,177037;-47,019787;83;232;29,003443
-24,176993;-47,019724;82;234;14,602302
-24,176970;-47,019689;82;235;15,755415
-24,176933;-47,019622;82;236;28,606429
-24,176897;-47,019547;79;237;32,788651
-24,176875;-47,019470;77;238;30,342312
-24,176866;-47,019389;77;239;29,804920
-24,176858;-47,019307;76;240;30,337158
-24,176852;-47,019219;76;241;32,235017
-24,176844;-47,019126;76;242;34,121323
-24,176831;-47,019037;76;243;32,925544
-24,176815;-47,018963;76;244;27,779424
-24,176808;-47,018889;75;245;27,412865
-24,176820;-47,018822;75;246;24,941974
-24,176845;-47,018760;75;247;24,760918
-24,176877;-47,018696;76;248;26,902915
-24,176903;-47,018648;72;249;24,966025
-24,176932;-47,018605;72;250;19,534135
-24,176960;-47,018561;72;251;19,593873
-24,176983;-47,018512;71;252;20,445866
-24,177010;-47,018456;71;253;23,135843
-24,177036;-47,018402;70;254;22,591175
-24,177068;-47,018345;72;255;25,483313
-24,177100;-47,018286;71;256;25,329959
-24,177136;-47,018223;71;257;27,158244
-24,177176;-47,018152;72;258;30,695243
-24,177211;-47,018081;71;259;29,698647
-24,177246;-47,018013;71;260;28,520505
-24,177280;-47,017943;71;261;28,967754
-24,177313;-47,017874;71;262;28,458972
-24,177344;-47,017809;72;263;27,032926
-24,177374;-47,017740;72;264;27,920006
-24,177402;-47,017681;73;265;24,559243
-24,177432;-47,017630;74;266;22,456267
-24,177460;-47,017582;74;267;20,814400
-24,177488;-47,017535;73;268;20,816903
-24,177524;-47,017484;74;269;23,824940
-24,177560;-47,017438;75;270;22,430230
-24,177602;-47,017406;77;271;21,709180
-24,177650;-47,017340;77;273;15,417053
-24,177664;-47,017298;77;274;16,334489
-24,177687;-47,017250;77;275;19,804486
-24,177718;-47,017200;78;276;22,378065
-24,177756;-47,017146;80;277;25,931116
-24,177799;-47,017099;81;278;24,578270
-24,177841;-47,017056;81;279;23,011749
-24,177883;-47,017020;82;280;21,650756
-24,177954;-47,016972;83;282;16,798239
-24,177986;-47,016958;83;283;13,797905
-24,178056;-47,016945;86;286;10,136842
-24,178077;-47,016939;86;287;8,688981
-24,178146;-47,016945;87;290;9,316355
-24,178167;-47,016946;86;291;9,153337
-24,178247;-47,016924;87;295;8,305544
-24,178257;-47,016922;86;296;5,436508
-24,178337;-47,016912;85;301;6,488525
-24,178392;-47,016904;84;302;22,508250
-24,178468;-47,016899;83;303;30,697147
-24,178554;-47,016891;84;304;34,747335
-24,178633;-47,016881;86;305;32,646732
-24,178714;-47,016868;86;306;32,779690
-24,178790;-47,016850;87;307;31,341419
-24,178864;-47,016821;86;308;31,671557
-24,178931;-47,016806;87;309;27,616748
-24,178990;-47,016797;86;310;24,122313
-24,179049;-47,016785;86;311;24,027914
-24,179107;-47,016782;85;312;23,523808
-24,179155;-47,016774;86;313;19,771683
-24,179202;-47,016752;83;314;23,140963
-24,179256;-47,016739;83;315;22,136809
-24,179326;-47,016732;83;316;28,145138
-24,179385;-47,016737;82;317;23,966774
-24,179448;-47,016754;82;318;25,979368
-24,179501;-47,016734;76;319;31,151068
-24,179538;-47,016716;73;320;19,480296
-24,179611;-47,016723;75;323;10,071646
-24,179634;-47,016737;77;324;12,761937
-24,179711;-47,016738;77;327;10,277404
-24,179752;-47,016720;76;328;18,047317
-24,179801;-47,016695;73;329;24,187957
-24,179860;-47,016669;72;330;25,714609
-24,179925;-47,016657;72;331;26,394422
-24,179992;-47,016658;71;332;27,071807
-24,180059;-47,016667;71;333;27,026674
-24,180126;-47,016676;71;334;27,026674
-24,180193;-47,016688;72;335;27,421391
-24,180256;-47,016693;72;336;25,290960
-24,180323;-47,016690;72;337;26,846617
-24,180391;-47,016686;71;338;27,502250
-24,180467;-47,016678;71;339;30,569546
-24,180536;-47,016677;71;340;27,631784
-24,180609;-47,016677;71;341;29,230819
-24,180679;-47,016678;71;342;28,030713
-24,180753;-47,016684;70;343;29,929924
-24,180830;-47,016682;68;344;31,669114
-24,180906;-47,016685;68;345;30,450799
-24,180983;-47,016690;68;346;30,885234
-24,181062;-47,016692;68;347;31,638529
-24,181145;-47,016697;68;348;33,285629
-24,181212;-47,016702;67;349;27,127871
-24,181278;-47,016709;67;350;26,551145
-24,181345;-47,016717;67;351;26,987728
-24,181398;-47,016720;68;352;21,553374
-24,181456;-47,016699;65;353;26,735437
-24,181519;-47,016667;63;354;28,719714
-24,181579;-47,016635;61;355;27,668911
-24,181641;-47,016596;58;356;30,592528
-24,181698;-47,016564;57;357;25,893510
-24,181756;-47,016526;56;358;27,295371
-24,181814;-47,016483;54;359;28,946701
-24,181873;-47,016438;52;360;29,668479
-24,181934;-47,016390;51;361;30,281247
-24,181994;-47,016351;50;362;28,161518
-24,182054;-47,016316;50;363;27,216277
-24,182110;-47,016301;50;364;23,085273
-24,182172;-47,016299;50;365;24,833969
-24,182230;-47,016294;50;366;23,291913
-24,182293;-47,016300;50;367;25,320979
-24,182346;-47,016313;46;368;26,083236
-24,182408;-47,016321;45;369;25,256029
-24,182481;-47,016329;45;370;29,376391
-24,182558;-47,016328;45;371;30,832212
-24,182639;-47,016322;46;372;32,706326
-24,182722;-47,016315;48;373;34,101739
-24,182795;-47,016299;48;374;29,808841
-24,182862;-47,016278;47;375;28,132453
-24,182916;-47,016264;48;376;22,508250
-24,182964;-47,016253;48;377;19,635581
-24,183014;-47,016248;48;378;20,103195
-24,183066;-47,016243;48;379;20,898453
-24,183111;-47,016241;49;380;18,387331
-24,183195;-47,016257;49;382;17,068366
-24,183230;-47,016275;49;383;15,474748
-24,183304;-47,016298;45;386;11,332753
-24,183324;-47,016298;44;387;8,775254
-24,183390;-47,016268;45;390;9,611363
-24,183414;-47,016242;46;391;13,982555
-24,183462;-47,016181;47;393;14,822737
-24,183488;-47,016143;46;394;17,723867
-24,183527;-47,016066;48;396;16,483672
-24,183543;-47,016026;48;397;15,958101
-24,183573;-47,015950;49;399;15,230093
-24,183588;-47,015911;49;400;15,463415
-24,183604;-47,015872;48;401;16,030776
-24,183622;-47,015816;48;402;21,686106
-24,183640;-47,015751;49;403;25,070248
-24,183656;-47,015677;49;404;27,777321
-24,183669;-47,015603;48;405;27,760258
-24,183675;-47,015520;47;406;30,624724
-24,183680;-47,015444;47;407;27,831963
-24,183681;-47,015364;45;408;30,098674
-24,183685;-47,015287;44;409;28,401199
-24,183693;-47,015206;43;410;29,976745
-24,183697;-47,015124;43;411;29,994495
-24,183705;-47,015042;43;412;30,120861
-24,183715;-47,014954;42;413;32,593572
-24,183722;-47,014869;43;414;31,382411
-24,183733;-47,014789;42;415;29,771359
-24,183739;-47,014718;42;416;26,044516
-24,183743;-47,014649;41;417;25,509268
-24,183742;-47,014587;41;418;22,648288
-24,183738;-47,014518;40;419;25,511558
-24,183737;-47,014464;41;420;20,056318
-24,183737;-47,014410;41;421;19,721696
-24,183739;-47,014356;40;422;20,065057
-24,183750;-47,014260;41;424;17,762009
-24,183751;-47,014218;41;425;15,349628
-24,183725;-47,014140;39;427;15,588153
-24,183710;-47,014099;39;428;16,136531
-24,183683;-47,014007;40;430;17,742259
-24,183668;-47,013964;38;431;18,290706
-24,183644;-47,013880;38;433;16,075760
-24,183628;-47,013849;37;434;13,497726
-24,183614;-47,013763;38;438;8,027373
-24,183615;-47,013749;38;439;5,139334
-24,183603;-47,013663;39;446;4,568836
-24,183601;-47,013650;39;447;4,810444
-24,183592;-47,013559;36;451;8,783888
-24,183592;-47,013532;37;452;10,497444
-24,183597;-47,013474;37;458;3,546346
-24,183599;-47,013476;37;459;1,133833
-24,183612;-47,013467;39;477;0,525842
-24,183613;-47,013461;40;478;4,227122
-24,183608;-47,013376;40;481;10,371734
-24,183601;-47,013326;40;482;18,476443
-24,183592;-47,013274;40;483;19,332669
-24,183578;-47,013223;40;484;19,453198
-24,183546;-47,013135;42;486;17,672690
-24,183527;-47,013096;41;487;16,550891
-24,183487;-47,013026;40;489;15,192637
-24,183466;-47,012989;40;490;15,917770
-24,183446;-47,012951;40;491;16,027524
-24,183416;-47,012899;40;492;22,474755
-24,183391;-47,012839;40;493;24,095913
-24,183363;-47,012776;39;494;25,848336
-24,183336;-47,012711;39;495;26,089351
-24,183310;-47,012645;39;496;26,259025
-24,183286;-47,012578;39;497;26,292384
-24,183268;-47,012508;38;498;26,807173
-24,183248;-47,012440;37;499;26,345431
-24,183230;-47,012371;37;500;26,212251
-24,183211;-47,012300;37;501;27,024512
-24,183191;-47,012232;36;502;26,345431
-24,183175;-47,012163;36;503;26,004099
-24,183163;-47,012098;36;504;24,221691
-24,183155;-47,012032;36;505;24,318000
-24,183147;-47,011971;36;506;22,511127
-24,183137;-47,011907;36;507;23,717042
-24,183128;-47,011847;37;508;22,500460
-24,183121;-47,011787;36;509;22,385897
-24,183116;-47,011723;35;510;23,736479
-24,183112;-47,011659;35;511;23,431986
-24,183110;-47,011589;34;512;25,834768
-24,183111;-47,011519;34;513;25,571290
-24,183112;-47,011441;33;514;28,720374
-24,183112;-47,011366;32;515;27,631555
-24,183111;-47,011294;30;516;27,271117
-24,183112;-47,011212;30;517;29,955505
-24,183114;-47,011127;29;518;31,266751
-24,183118;-47,011045;28;519;30,207827
-24,183123;-47,010964;28;520;29,651599
-24,183131;-47,010886;28;521;28,669684
-24,183139;-47,010805;27;522;29,976745
-24,183145;-47,010724;27;523;29,685083
-24,183149;-47,010650;27;524;27,078515
-24,183160;-47,010582;27;525;25,226183
-24,183164;-47,010520;25;526;23,816785
-24,183171;-47,010458;24;527;23,100182
-24,183180;-47,010389;23;528;25,712336
-24,183182;-47,010322;24;529;24,748860
-24,183186;-47,010256;23;530;24,425635
-24,183191;-47,010194;22;531;23,016553
-24,183195;-47,010125;22;532;25,253965
-24,183202;-47,010051;21;533;27,410733
-24,183207;-47,009974;21;534;28,196995
-24,183212;-47,009895;21;535;28,925360
-24,183211;-47,009816;21;536;28,858616
-24,183211;-47,009737;21;537;28,856591
-24,183215;-47,009661;22;538;28,036741
-24,183218;-47,009587;22;539;27,054767
-24,183215;-47,009515;22;540;26,325701
-24,183210;-47,009440;21;541;27,703365
-24,183205;-47,009371;22;542;25,536742
-24,183201;-47,009296;22;543;27,442923
-24,183199;-47,009213;23;544;30,542566
-24,183193;-47,009128;23;545;31,143361
-24,183189;-47,009043;23;546;31,092659
-24,183187;-47,008953;23;547;32,882922
-24,183185;-47,008860;23;548;33,978882
-24,183185;-47,008768;23;549;33,607101
-24,183187;-47,008682;23;550;31,421691
-24,183199;-47,008601;22;551;30,188477
-24,183213;-47,008525;22;552;28,321066
-24,183223;-47,008459;22;553;24,437853
-24,183233;-47,008394;22;554;24,076504
-24,183246;-47,008329;21;555;24,568759
-24,183252;-47,008263;22;556;24,492530
-24,183259;-47,008199;22;557;23,543941
-24,183263;-47,008139;22;558;21,975196
-24,183266;-47,008082;20;559;22,061628
-24,183274;-47,008026;20;560;20,704620
-24,183275;-47,007973;20;561;19,365890
-24,183275;-47,007921;20;562;18,997272
-24,183269;-47,007864;20;563;20,959878
-24,183264;-47,007802;20;564;22,733273
-24,183265;-47,007737;19;565;24,015488
-24,183265;-47,007666;19;566;25,934343
-24,183260;-47,007600;20;567;24,456716
-24,183252;-47,007536;19;568;23,869048
-24,183245;-47,007470;20;569;24,537819
-24,183241;-47,007401;20;570;25,253965
-24,183236;-47,007331;20;571;25,648869
-24,183230;-47,007258;19;572;27,015627
-24,183237;-47,007179;19;573;28,991950
-24,183242;-47,007096;19;574;30,385483
-24,183238;-47,007014;18;575;30,209762
-24,183230;-47,006931;18;576;30,485322
-24,183225;-47,006851;18;577;29,290731
-24,183227;-47,006773;19;578;28,726478
-24,183233;-47,006692;20;579;29,898669
-24,183244;-47,006616;19;580;28,337345
-24,183258;-47,006537;19;581;29,396276
-24,183275;-47,006465;18;582;27,402205
-24,183294;-47,006395;18;583;26,676299
-24,183306;-47,006329;16;584;25,613685
-24,183325;-47,006262;16;585;25,626076
-24,183343;-47,006201;16;586;23,419514
-24,183360;-47,006140;15;587;23,573438
-24,183380;-47,006076;14;588;24,969820
-24,183402;-47,006012;14;589;24,981771
-24,183428;-47,005949;15;590;25,513849
-24,183455;-47,005889;15;591;24,437853
-24,183483;-47,005826;15;592;25,598698
-24,183507;-47,005765;14;593;24,530674
-24,183531;-47,005706;14;594;23,596005
-24,183555;-47,005648;15;595;23,541190
-24,183579;-47,005592;15;596;22,599213
-24,183603;-47,005532;15;597;23,930437
-24,183628;-47,005475;15;598;23,100456
-24,183649;-47,005417;16;599;23,074872
-24,183669;-47,005372;17;600;18,636704
-24,183697;-47,005297;17;602;14,800158
-24,183705;-47,005260;17;603;13,886557
-24,183720;-47,005181;17;605;14,737841
-24,183734;-47,005134;17;606;18,057378
-24,183751;-47,005081;18;607;20,836544
-24,183767;-47,005021;18;608;22,835860
-24,183779;-47,004952;19;609;25,907047
-24,183791;-47,004882;20;610;26,261010
-24,183804;-47,004808;21;611;27,762363
-24,183817;-47,004736;22;612;27,050213
-24,183832;-47,004673;23;613;24,051959
-24,183842;-47,004607;23;614;24,437853
-24,183860;-47,004545;23;615;23,763809
-24,183880;-47,004484;24;616;23,947261
-24,183897;-47,004418;24;617;25,051846
-24,183913;-47,004347;25;618;26,954995
-24,183921;-47,004276;25;619;26,129637
-24,183935;-47,004208;26;620;25,716881
-24,183945;-47,004143;26;621;24,078931
-24,183954;-47,004072;27;622;26,434004
-24,183957;-47,003997;27;623;27,423752
-24,183961;-47,003924;28;624;26,957163
-24,183961;-47,003845;28;625;28,856591
-24,183964;-47,003774;28;626;25,961368
-24,183979;-47,003699;29;627;28,275413
-24,183998;-47,003637;30;628;24,161041
-24,184022;-47,003571;29;629;26,200861
-24,184050;-47,003498;30;630;29,148524
-24,184082;-47,003428;30;631;28,598257
-24,184124;-47,003356;32;632;32,036025
-24,184162;-47,003275;33;633;33,465775
-24,184193;-47,003194;33;634;32,086024
-24,184216;-47,003108;34;635;32,932451
-24,184225;-47,003028;35;636;29,663209
-24,184234;-47,002941;35;637;31,983873
-24,184249;-47,002855;36;638;32,184022
-24,184284;-47,002781;37;639;30,655239
-24,184321;-47,002707;37;640;30,822734
-24,184367;-47,002639;38;641;31,131898
-24,184417;-47,002570;39;642;32,388542
-24,184465;-47,002501;39;643;31,695733
-24,184515;-47,002432;40;644;32,388542
-24,184564;-47,002370;39;645;30,178797
-24,184615;-47,002309;39;646;30,223508
-24,184674;-47,002254;42;647;32,838514
-24,184735;-47,002210;42;648;29,236816
-24,184797;-47,002175;43;649;28,155292
-24,184866;-47,002163;44;650;28,205060
-24,184933;-47,002158;44;651;26,887941
-24,184989;-47,002147;45;652;23,064740
-24,185039;-47,002123;45;653;21,857880
-24,185090;-47,002096;45;654;22,676652
-24,185127;-47,002061;46;655;19,901300
-24,185161;-47,002013;46;656;22,197440
-24,185186;-47,001938;49;657;31,102105
-24,185214;-47,001863;49;658;29,602290
-24,185234;-47,001792;51;659;28,081882
-24,185263;-47,001738;52;660;23,170904
-24,185285;-47,001687;53;661;20,917715
-24,185318;-47,001651;53;662;18,646446
-24,185359;-47,001622;52;663;19,868975
-24,185418;-47,001594;52;664;25,742109
-24,185476;-47,001568;53;665;25,346103
-24,185535;-47,001540;53;666;25,744379
-24,185587;-47,001522;53;667;21,831129
-24,185640;-47,001528;53;668;21,335672
-24,185697;-47,001536;54;669;23,289133
-24,185749;-47,001550;54;670;21,442221
-24,185807;-47,001572;54;671;24,576150
-24,185854;-47,001591;52;672;21,312564
-24,185909;-47,001609;51;673;23,261516
-24,185977;-47,001621;52;674;27,812834
-24,186045;-47,001632;53;675;27,758153
-24,186114;-47,001640;53;676;27,781528
-24,186177;-47,001638;54;677;25,490935
-24,186235;-47,001632;54;678;23,329515
-24,186279;-47,001615;54;679;18,680887
-24,186326;-47,001580;55;680;23,036854
-24,186371;-47,001550;57;681;22,285633
-24,186414;-47,001520;58;682;20,724062
-24,186449;-47,001485;59;683;19,308146
-24,186476;-47,001444;60;684;18,817684
-24,186512;-47,001376;59;686;14,470650
-24,186535;-47,001340;60;687;16,455288
-24,186596;-47,001274;60;689;17,159703
-24,186627;-47,001239;60;690;17,816298
-24,186691;-47,001187;61;692;16,050197
-24,186718;-47,001161;61;693;14,390784
-24,186765;-47,001111;60;695;13,235779
-24,186792;-47,001080;61;696;16,063549
-24,186864;-47,001029;62;698;17,255546
-24,186906;-47,001015;62;699;17,578561
-24,186953;-47,001013;63;700;19,171472
-24,186998;-47,001008;63;701;18,109082
-24,187050;-47,001005;63;702;20,850864
-24,187106;-47,001009;63;703;22,469555
-24,187164;-47,001022;63;704;23,704720
-24,187216;-47,001045;62;705;22,740705
-24,187269;-47,001080;65;706;27,026733
-24,187326;-47,001113;66;707;26,059975
-24,187391;-47,001154;67;708;30,244559
-24,187459;-47,001197;67;709;31,432847
-24,187527;-47,001243;66;710;32,198544
-24,187601;-47,001290;67;711;34,431417
-24,187682;-47,001345;67;712;38,149565
-24,187752;-47,001394;67;713;33,255771
-24,187819;-47,001435;67;714;30,725893
-24,187883;-47,001471;66;715;29,027990
-24,187947;-47,001506;66;716;28,641134
-24,188009;-47,001540;66;717;27,760486
-24,188073;-47,001574;65;718;28,704093
-24,188134;-47,001605;64;719;27,162314
-24,188194;-47,001644;64;720;27,932561
-24,188259;-47,001669;64;721;27,580982
-24,188332;-47,001693;64;722;30,515975
-24,188415;-47,001711;65;723;34,068007
-24,188498;-47,001711;62;724;34,947113
-24,188570;-47,001726;65;725;31,272610
-24,188644;-47,001737;65;726;29,902789
-24,188720;-47,001748;64;727;30,905834
-24,188801;-47,001736;62;728;33,512322
-24,188881;-47,001720;61;729;32,759882
-24,188957;-47,001709;61;730;30,693545
-24,189028;-47,001707;61;731;28,436377
-24,189098;-47,001704;62;732;28,279546
-24,189164;-47,001696;62;733;26,588534
-24,189229;-47,001680;61;734;26,913773
-24,189291;-47,001666;58;735;27,551362
-24,189360;-47,001652;59;736;28,329095
-24,189415;-47,001649;56;737;24,552426
-24,189479;-47,001640;56;738;25,837274
-24,189541;-47,001625;56;739;25,424617
-24,189600;-47,001605;55;740;24,988535
-24,189669;-47,001590;56;741;28,395026
-24,189740;-47,001577;55;742;29,048114
-24,189809;-47,001570;56;743;27,980410
-24,189886;-47,001569;56;744;30,832212
-24,189967;-47,001564;54;745;33,270822
-24,190051;-47,001553;52;746;34,630555
-24,190143;-47,001534;52;747;37,486689
-24,190214;-47,001533;51;748;28,659270
-24,190273;-47,001545;49;749;25,083474
-24,190316;-47,001570;47;750;20,776655
-24,190365;-47,001593;45;751;22,525575
-24,190425;-47,001612;44;752;25,265282
-24,190491;-47,001634;43;753;27,854822
-24,190559;-47,001658;42;754;28,828008
-24,190624;-47,001675;39;755;28,854621
-24,190666;-47,001708;32;756;32,607573
-24,190717;-47,001727;29;757;24,120218
-24,190773;-47,001739;27;758;23,956228
-24,190834;-47,001738;27;759;24,428286
-24,190891;-47,001731;27;760;22,968539
-24,190938;-47,001728;25;761;20,180273
-24,191027;-47,001719;25;763;17,893209
-24,191076;-47,001716;25;764;19,647481
-24,191129;-47,001712;24;765;21,572344
-24,191188;-47,001712;23;766;23,895962
-24,191245;-47,001710;23;767;22,833301
-24,191307;-47,001705;23;768;24,890378
-24,191369;-47,001695;23;769;25,091469
-24,191436;-47,001670;22;770;28,565324
-24,191506;-47,001629;22;771;31,778588
-24,191566;-47,001586;19;772;30,668837
-24,191624;-47,001537;20;773;29,540819
-24,191683;-47,001491;19;774;29,214606
-24,191740;-47,001441;19;775;29,230819
-24,191795;-47,001393;18;776;28,376498
-24,191849;-47,001349;18;777;26,940050
-24,191903;-47,001307;18;778;26,511500
-24,191960;-47,001262;18;779;28,124368
-24,192021;-47,001213;19;780;30,492781
-24,192081;-47,001159;20;781;31,291038
-24,192133;-47,001100;20;782;29,965257
-24,192179;-47,001035;20;783;30,048995
-24,192216;-47,000954;20;784;33,088420
-24,192256;-47,000884;20;785;30,169323
-24,192295;-47,000813;20;786;30,273736
-24,192333;-47,000742;20;787;30,068435
-24,192372;-47,000677;21;788;28,644994
-24,192407;-47,000632;21;789;21,599707
-24,192427;-47,000598;21;790;14,779415
-24,192461;-47,000540;20;792;12,719078
-24,192474;-47,000509;19;793;12,972317
-24,192504;-47,000436;20;795;14,732777
-24,192520;-47,000399;20;796;14,960186
-24,192566;-47,000320;19;798;17,210616
-24,192598;-47,000276;19;799;20,551649
-24,192628;-47,000232;19;800;20,062459
-24,192658;-47,000188;19;801;20,062459
-24,192689;-47,000143;18;802;20,903743
-24,192722;-47,000092;19;803;23,117883
-24,192760;-47,000038;19;804;24,909153
-24,192807;-46,999983;19;805;27,527964
-24,192862;-46,999935;19;806;28,151366
-24,192919;-46,999902;18;807;26,059975
-24,192978;-46,999883;18;808;24,621285
-24,193031;-46,999873;18;809;21,534680
-24,193084;-46,999872;18;810;21,223082
-24,193134;-46,999873;18;811;20,021640
-24,193187;-46,999879;18;812;21,335672
-24,193244;-46,999894;19;813;23,746324
-24,193302;-46,999913;19;814;24,238572
-24,193348;-46,999954;20;815;24,010621
-24,193387;-46,999989;20;816;20,184421
-24,193420;-47,000041;21;817;23,419244
-24,193452;-47,000089;22;818;22,012105
-24,193482;-47,000130;21;819;19,533812
-24,193515;-47,000165;20;820;18,739889
-24,193543;-47,000213;20;821;20,808784
-24,193566;-47,000258;20;822;18,836642
-24,193587;-47,000312;20;823;21,436770
-24,193611;-47,000397;18;824;33,284869
-24,193628;-47,000491;17;825;35,183526
-24,193649;-47,000582;16;826;34,472125
-24,193668;-47,000673;15;827;34,285152
-24,193687;-47,000724;15;828;20,120628
-24,193705;-47,000770;14;829;18,636704
-24,193732;-47,000826;15;830;23,414253
-24,193759;-47,000880;15;831;22,490350
-24,193797;-47,000937;15;832;25,782937
-24,193841;-47,000988;15;833;25,637475
-24,193899;-47,001023;15;834;26,511500
-24,193973;-47,001056;15;835;31,987527
-24,194038;-47,001077;15;836;27,134565
-24,194101;-47,001089;15;837;25,605545
-24,194173;-47,001084;14;838;29,110409
-24,194239;-47,001076;14;839;26,586336
-24,194299;-47,001046;15;840;26,651956
-24,194347;-47,001013;15;841;22,689533
-24,194395;-47,000973;16;842;24,408883
-24,194433;-47,000936;16;843;20,354513
-24,194466;-47,000898;17;844;19,500878
-24,194495;-47,000864;17;845;17,004053
-24,194519;-47,000821;17;846;18,413081
-24,194543;-47,000778;17;847;18,413081
-24,194577;-47,000699;17;849;15,952607
-24,194587;-47,000655;19;850;18,059215
-24,194597;-47,000564;18;852;16,833858
-24,194598;-47,000522;19;853;15,762430
-24,194592;-47,000498;22;857;3,528018
-24,194593;-47,000499;21;858;3,648371
-24,194588;-47,000499;21;866;0,249174
-24,194587;-47,000481;21;867;6,575874
-24,194590;-47,000409;21;869;13,161740
-24,194595;-47,000365;20;870;16,589683
-24,194607;-47,000315;20;871;18,886212
-24,194640;-47,000260;21;872;24,310530
-24,194685;-47,000200;20;873;28,595993
-24,194731;-47,000137;20;874;29,473700
-24,194779;-47,000068;20;875;31,693889
-24,194824;-47,000000;20;876;30,684025
-24,194866;-46,999934;20;877;29,392300
-24,194909;-46,999872;19;878;28,673540
-24,194954;-46,999814;19;879;27,810960
-24,195009;-46,999758;18;880;30,271597
-24,195071;-46,999701;18;881;32,397757
-24,195135;-46,999647;17;882;32,534354
-24,195196;-46,999595;18;883;31,150662
-24,195251;-46,999541;16;884;30,426932
-24,195303;-46,999498;16;885;26,080390
-24,195354;-46,999460;16;886;24,690017
-24,195402;-46,999422;17;887;23,976525
-24,195453;-46,999376;16;888;26,687013
-24,195501;-46,999320;16;889;28,064049
-24,195540;-46,999262;17;890;26,561910
-24,195571;-46,999210;18;891;22,975895
-24,195593;-46,999158;17;892;21,244800
-24,195604;-46,999105;18;893;20,175420
-24,195607;-46,999054;18;894;18,662109
-24,195600;-46,999001;18;895;19,561040
-24,195585;-46,998950;19;896;19,901300
-24,195561;-46,998866;21;898;16,473034
-24,195557;-46,998824;21;899;15,418001
-24,195553;-46,998729;22;901;17,460061
-24,195556;-46,998683;22;902;16,845230
-24,195560;-46,998635;22;903;17,601815
-24,195564;-46,998580;22;904;20,152550
-24,195573;-46,998526;22;905;20,047891
-24,195587;-46,998470;22;906;21,206555
-24,195604;-46,998409;22;907;23,294422
-24,195629;-46,998344;22;908;25,760263
-24,195660;-46,998277;21;909;27,673819
-24,195692;-46,998209;21;910;27,949292
-24,195725;-46,998142;20;911;28,045077
-24,195754;-46,998082;20;912;24,801005
-24,195775;-46,998031;20;913;20,440458
-24,195796;-46,997978;20;914;21,107123
-24,195817;-46,997919;20;915;23,133317
-24,195840;-46,997853;21;916;26,055490
-24,195859;-46,997777;21;917;28,781568
-24,195878;-46,997703;21;918;28,078620
-24,195895;-46,997631;22;919;27,402205
-24,195911;-46,997560;23;920;26,954995
-24,195927;-46,997491;23;921;25,999604
-24,195949;-46,997431;22;922;23,888625
-24,195973;-46,997369;21;923;24,861936
-24,196001;-46,997300;21;924;27,583101
-24,196034;-46,997233;21;925;27,810960
-24,196069;-46,997167;20;926;28,113752
-24,196106;-46,997107;19;927;26,695770
-24,196130;-46,997054;18;928;21,908328
-24,196162;-46,996970;18;930;16,623492
-24,196171;-46,996938;18;931;12,230876
-24,196185;-46,996872;18;933;12,373377
-24,196180;-46,996825;18;934;17,276789
-24,196173;-46,996768;17;935;21,310712
-24,196152;-46,996702;16;936;25,780425
-24,196124;-46,996622;17;937;31,499501
-24,196091;-46,996539;16;938;33,266122
-24,196049;-46,996459;15;939;33,904666
-24,196006;-46,996383;15;940;32,665400
-24,195965;-46,996315;15;941;29,773534
-24,195926;-46,996246;14;942;29,865425
-24,195883;-46,996181;14;943;29,324626
-24,195843;-46,996115;14;944;28,941517
-24,195803;-46,996040;14;945;31,732584
-24,195770;-46,995966;15;946;30,298610
-24,195743;-46,995890;15;947;29,791193
-24,195729;-46,995816;15;948;27,604278
-24,195718;-46,995740;14;949;28,335282
-24,195719;-46,995655;15;950;31,255536
-24,195733;-46,995567;14;951;32,824034
-24,195757;-46,995485;14;952;31,453290
-24,195795;-46,995398;14;953;35,231838
-24,195834;-46,995310;14;954;35,734128
-24,195866;-46,995222;14;955;34,599210
-24,195891;-46,995135;14;956;33,315460
-24,195903;-46,995050;14;957;31,414251
-24,195900;-46,994974;14;958;27,783631
-24,195890;-46,994910;14;959;23,714578
-24,195884;-46,994862;15;960;18,057028
-24,195868;-46,994773;16;962;16,664650
-24,195873;-46,994727;16;963;16,917921
-24,195875;-46,994676;15;964;18,987709
-24,195869;-46,994623;17;965;20,793523
-24,195860;-46,994572;16;966;19,314198
-24,195861;-46,994515;15;967;21,131726
-24,195863;-46,994451;16;968;23,662508
-24,195869;-46,994393;16;969;21,321973
-24,195871;-46,994335;16;970;21,201043
-24,195868;-46,994276;17;971;21,881639
-24,195858;-46,994178;18;973;18,097697
-24,195851;-46,994128;18;974;18,473280
-24,195849;-46,994075;19;975;19,706555
-24,195844;-46,994017;20;976;21,583176
-24,195841;-46,993955;20;977;22,674075
-24,195840;-46,993889;21;978;24,377741
-24,195841;-46,993820;22;979;25,461117
-24,195854;-46,993744;22;980;28,242551
-24,195874;-46,993662;23;981;31,210633
-24,195894;-46,993583;23;982;29,945750
-24,195910;-46,993503;24;983;30,128411
-24,195917;-46,993424;24;984;28,991950
-24,195916;-46,993347;25;985;28,357958
-24,195914;-46,993275;27;986;27,277544
-24,195909;-46,993206;28;987;25,534454
-24,195900;-46,993139;29;988;24,995549
-24,195889;-46,993075;30;989;24,056817
-24,195880;-46,993008;30;990;24,734944
-24,195871;-46,992943;30;991;24,013318
-24,195862;-46,992874;31;992;25,710063
-24,195855;-46,992803;31;993;26,082631
-24,195845;-46,992734;32;994;25,769090
-24,195833;-46,992666;32;995;25,295581
-24,195815;-46,992598;32;996;25,862141
-24,195792;-46,992532;32;997;25,805591
-24,195768;-46,992467;32;998;25,612391
-24,195742;-46,992402;32;999;25,923075
-24,195715;-46,992336;33;1000;26,662916
-24,195688;-46,992279;33;1001;23,456911
-24,195667;-46,992231;33;1002;19,444185
-24,195636;-46,992165;34;1004;13,675488
-24,195627;-46,992134;34;1005;11,886822
-24,195616;-46,992057;33;1007;14,346956
-24,195614;-46,992002;33;1008;20,103195
-24,195611;-46,991944;33;1009;21,217574
-24,195609;-46,991891;33;1010;19,377956
-24,195603;-46,991807;35;1012;15,803158
-24,195598;-46,991774;35;1013;12,221317
-24,195575;-46,991694;34;1019;5,141194
-24,195571;-46,991676;33;1020;7,651113
-24,195555;-46,991598;32;1023;9,807297
-24,195548;-46,991563;32;1024;13,093859
-24,195535;-46,991487;30;1026;14,573937
-24,195528;-46,991436;29;1027;19,177567
-24,195520;-46,991374;29;1028;22,866547
-24,195515;-46,991307;28;1029;24,814883
-24,195512;-46,991228;29;1030;29,104386
-24,195513;-46,991152;29;1031;27,760486
-24,195515;-46,991080;28;1032;26,553108
-24,195521;-46,991012;28;1033;24,951344
-24,195522;-46,990951;28;1034;22,281522
-24,195519;-46,990890;28;1035;22,312971
-24,195514;-46,990829;28;1036;22,370512
-24,195507;-46,990773;28;1037;20,642435
-24,195502;-46,990720;29;1038;19,795313
-24,195502;-46,990662;29;1039;21,184499
-24,195500;-46,990606;29;1040;20,466171
-24,195499;-46,990551;29;1041;20,091565
-24,195499;-46,990489;30;1042;22,927521
-24,195504;-46,990422;31;1043;24,814883
-24,195508;-46,990353;31;1044;25,251651
-24,195510;-46,990287;31;1045;24,120152
-24,195512;-46,990228;31;1046;21,564508
-24,195512;-46,990173;32;1047;20,411540
-24,195511;-46,990078;33;1049;17,443319
-24,195519;-46,990043;34;1050;13,665524
-24,195536;-46,989975;35;1052;13,000804
-24,195543;-46,989934;35;1053;15,234992
-24,195553;-46,989885;35;1054;18,343129
-24,195567;-46,989831;36;1055;20,816903
-24,195579;-46,989774;37;1056;21,664247
-24,195594;-46,989716;36;1057;22,312688
-24,195603;-46,989647;36;1058;25,459070
-24,195611;-46,989590;37;1059;21,368217
-24,195621;-46,989538;37;1060;19,411098
-24,195638;-46,989487;37;1061;19,831023
-24,195662;-46,989434;37;1062;21,613230
-24,195693;-46,989380;38;1063;23,580873
-24,195727;-46,989335;38;1064;21,338411
-24,195756;-46,989295;39;1065;19,006165
-24,195789;-46,989250;40;1066;21,392815
-24,195828;-46,989197;40;1067;24,873939
-24,195869;-46,989141;40;1068;26,227852
-24,195910;-46,989090;41;1069;25,091217
-24,195955;-46,989038;41;1070;26,178790
-24,195999;-46,988984;40;1071;26,687013
-24,196040;-46,988931;41;1072;25,634949
-24,196076;-46,988877;41;1073;24,428286
-24,196114;-46,988822;42;1074;25,456526
-24,196159;-46,988766;43;1075;27,495875
-24,196210;-46,988707;43;1076;29,687051
-24,196266;-46,988647;43;1077;31,350942
-24,196326;-46,988588;43;1078;32,273063
-24,196384;-46,988536;43;1079;30,002286
-24,196443;-46,988487;43;1080;29,641744
-24,196503;-46,988441;43;1081;29,318648
-24,196564;-46,988395;43;1082;29,645687
-24,196627;-46,988349;42;1083;30,521513
-24,196685;-46,988306;42;1084;28,036967
-24,196744;-46,988263;42;1085;28,368482
-24,196801;-46,988216;42;1086;28,557361
-24,196857;-46,988166;41;1087;29,142509
-24,196912;-46,988118;42;1088;28,378557
-24,196956;-46,988084;40;1089;22,729591
-24,196998;-46,988049;39;1090;21,433749
-24,197041;-46,988014;39;1091;21,447671
-24,197093;-46,987975;38;1092;25,484057
-24,197155;-46,987933;38;1093;29,180799
-24,197232;-46,987892;37;1094;34,465344
-24,197312;-46,987857;36;1095;34,680001
-24,197399;-46,987822;35;1096;37,283321
-24,197484;-46,987792;36;1097;35,937781
-24,197570;-46,987752;35;1098;37,578379
-24,197647;-46,987711;34;1099;34,465344
-24,197724;-46,987670;33;1100;34,465344
-24,197804;-46,987623;32;1101;36,521655
-24,197877;-46,987576;31;1102;34,088583
-24,197952;-46,987520;31;1103;36,334144
-24,198019;-46,987444;31;1104;38,603325
-24,198090;-46,987356;30;1105;43,062429
-24,198153;-46,987274;29;1106;39,320074
-24,198221;-46,987182;26;1107;44,576190
-24,198289;-46,987107;25;1108;38,790412
-24,198374;-46,987028;23;1109;45,196574
-24,198461;-46,986965;22;1110;41,904269
-24,198552;-46,986918;22;1111;40,278994
-24,198646;-46,986894;21;1112;38,813002
-24,198738;-46,986899;20;1113;37,058515
-24,198834;-46,986918;20;1114;39,062287
-24,198934;-46,986947;20;1115;41,419116
-24,199038;-46,986981;20;1116;43,455665
-24,199144;-46,987019;20;1117;44,654740
-24,199245;-46,987063;18;1118;44,109079
-24,199351;-46,987101;19;1119;44,799618
-24,199455;-46,987135;18;1120;43,604527
-24,199559;-46,987173;20;1121;44,481101
-24,199663;-46,987216;21;1122;44,653290
-24,199770;-46,987256;21;1123;45,265605
-24,199875;-46,987293;21;1124;44,159964
-24,199979;-46,987342;23;1125;45,894530
-24,200076;-46,987392;24;1126;43,070570
-24,200168;-46,987460;24;1127;44,429090
-24,200257;-46,987521;25;1128;42,180861
-24,200350;-46,987584;26;1129;43,922318
-24,200443;-46,987645;27;1130;43,544180
-24,200535;-46,987700;27;1131;41,958770
-24,200627;-46,987750;28;1132;41,274808
-24,200716;-46,987786;28;1133;37,985315
-24,200801;-46,987810;29;1134;35,329381
-24,200893;-46,987836;28;1135;38,210620
-24,200976;-46,987871;29;1136;35,789508
-24,201051;-46,987930;30;1137;37,135699
-24,201120;-46,987994;30;1138;36,189110
-24,201179;-46,988069;30;1139;36,169728
-24,201233;-46,988150;30;1140;36,641632
-24,201290;-46,988235;30;1141;38,530597
-24,201345;-46,988319;30;1142;37,764688
-24,201401;-46,988400;36;1143;42,947225
-24,201452;-46,988475;33;1144;35,832155
-24,201512;-46,988543;30;1145;36,202069
-24,201576;-46,988609;29;1146;35,367402
-24,201643;-46,988680;28;1147;37,486520
-24,201717;-46,988748;31;1148;40,143886
-24,201795;-46,988809;29;1149;39,033206
-24,201874;-46,988869;27;1150;39,149803
-24,201950;-46,988919;26;1151;35,673395
-24,202026;-46,988960;25;1152;34,105721
-24,202112;-46,988990;25;1153;36,137402
-24,202211;-46,989003;22;1154;41,358444
-24,202323;-46,989006;20;1155;45,435133
-24,202434;-46,989010;18;1156;45,048940
-24,202541;-46,989015;18;1157;42,881717
-24,202644;-46,989018;18;1158;41,256552
-24,202731;-46,989016;16;1159;35,579370
-24,202818;-46,989002;16;1160;35,211929
-24,202914;-46,988989;16;1161;38,731779
-24,203014;-46,988971;16;1162;40,576751
-24,203115;-46,988949;16;1163;41,232466
-24,203220;-46,988925;16;1164;42,947077
-24,203305;-46,988908;16;1165;34,595832
-24,203388;-46,988888;16;1166;34,028718
-24,203463;-46,988867;17;1167;31,203143
-24,203534;-46,988848;18;1168;29,485379
-24,203605;-46,988832;18;1169;29,022168
-24,203678;-46,988817;17;1170;29,955294
-24,203765;-46,988795;17;1171;35,750477
-24,203856;-46,988763;18;1172;38,436289
-24,203951;-46,988721;17;1173;41,172747
-24,204044;-46,988669;16;1174;41,955834
-24,204134;-46,988613;15;1175;41,593539
-24,204221;-46,988552;15;1176;41,351341
-24,204303;-46,988495;16;1177;39,042673
-24,204378;-46,988444;16;1178;35,336175
-24,204453;-46,988398;15;1179;34,599027
-24,204528;-46,988356;15;1180;33,721665
-24,204600;-46,988314;14;1181;32,854285
-24,204677;-46,988275;14;1182;33,963401
-24,204754;-46,988235;13;1183;34,307302
-24,204836;-46,988192;11;1184;37,102129
-24,205002;-46,988103;8;1186;37,579429
-24,205087;-46,988051;8;1187;38,975425
-24,205174;-46,987998;8;1188;39,854586
-24,205260;-46,987939;8;1189;40,619931
-24,205343;-46,987878;7;1190;40,172791
-24,205425;-46,987811;7;1191;40,950896
-24,205501;-46,987743;6;1192;39,444713
-24,205579;-46,987678;6;1193;39,229476
-24,205735;-46,987559;6;1195;36,748327
-24,205814;-46,987497;7;1196;39,068109
-24,205896;-46,987434;7;1197;40,092866
-24,205978;-46,987369;7;1198;40,517663
-24,206064;-46,987302;7;1199;42,243305
-24,206150;-46,987235;8;1200;42,397803
-24,206235;-46,987169;9;1201;41,861018
-24,206314;-46,987103;10;1202;39,933525
-24,206393;-46,987045;11;1203;38,239666
-24,206468;-46,986988;12;1204;36,719521
-24,206539;-46,986936;13;1205;34,378765
-24,206606;-46,986890;14;1206;31,857361
-24,206668;-46,986844;14;1207;29,976956
-24,206735;-46,986795;14;1208;32,251328
-24,206806;-46,986751;14;1209;32,656454
-24,206878;-46,986709;14;1210;32,654665
-24,206959;-46,986671;14;1211;35,278248
-24,207045;-46,986639;14;1212;36,366296
-24,207128;-46,986613;14;1213;34,563724
-24,207214;-46,986592;13;1214;35,459807
-24,207291;-46,986572;12;1215;31,888529
-24,207359;-46,986557;12;1216;27,773113
-24,207415;-46,986546;11;1217;23,062206
-24,207467;-46,986533;12;1218;21,658852
-24,207517;-46,986522;12;1219;20,420436
-24,207563;-46,986514;12;1220;18,649580
-24,207651;-46,986502;10;1222;18,115992
-24,207697;-46,986498;10;1223;18,476443
-24,207753;-46,986490;11;1224;22,899468
-24,207810;-46,986473;11;1225;23,650425
-24,207871;-46,986450;12;1226;26,077907
-24,207933;-46,986424;11;1227;26,820249
-24,207994;-46,986397;11;1228;26,341234
-24,208067;-46,986357;11;1229;32,676132
-24,208141;-46,986308;11;1230;34,616095
-24,208220;-46,986261;11;1231;35,991575
-24,208312;-46,986211;11;1232;41,117512
-24,208411;-46,986156;10;1233;44,585188
-24,208512;-46,986104;10;1234;44,678288
-24,208621;-46,986046;11;1235;48,646682
-24,208721;-46,985982;11;1236;46,362524
-24,208821;-46,985909;11;1237;48,105658
-24,208925;-46,985831;12;1238;50,582951
-24,209016;-46,985759;12;1239;44,933908
-24,209104;-46,985687;12;1240;43,966343
-24,209188;-46,985622;12;1241;41,167223
-24,209275;-46,985560;12;1242;41,545897
-24,209362;-46,985510;11;1243;39,496529
-24,209532;-46,985443;11;1245;35,866341
-24,209611;-46,985419;11;1246;32,822446
-24,209687;-46,985401;11;1247;31,132101
-24,209768;-46,985386;11;1248;32,895359
-24,209845;-46,985384;11;1249;30,839792
-24,209919;-46,985395;12;1250;30,116771
-24,209996;-46,985426;12;1251;32,843803
-24,210071;-46,985472;12;1252;34,411229
-24,210140;-46,985521;12;1254;16,459222
-24,210284;-46,985624;11;1255;33,646882
-24,210360;-46,985672;10;1256;35,302906
-24,210437;-46,985723;9;1257;36,200237
-24,210518;-46,985770;9;1258;36,695814
-24,210603;-46,985813;8;1259;37,656050
-24,210686;-46,985849;8;1260;35,740669
-24,210777;-46,985878;8;1261;37,946836
-24,210873;-46,985896;8;1262;38,996409
-24,210969;-46,985914;8;1263;38,996409
-24,211064;-46,985929;8;1264;38,430372
-24,211160;-46,985943;8;1265;38,778521
-24,211255;-46,985959;9;1266;38,654595
-24,211346;-46,985976;8;1267;37,135699
-24,211438;-46,985996;9;1268;37,727366
-24,211537;-46,986010;10;1269;40,132042
-24,211641;-46,986016;10;1270;41,698926
-24,211746;-46,986020;9;1271;42,221017
-24,211856;-46,986026;9;1272;44,100377
-24,211970;-46,986024;9;1273;45,651245
-24,212090;-46,986020;9;1274;48,072849
-24,212209;-46,986013;9;1275;47,717811
-24,212331;-46,986005;9;1276;48,936643
-24,212447;-46,985998;8;1277;46,657643
-24,212569;-46,985991;8;1278;48,916339
-24,212692;-46,985982;9;1279;49,489838
-24,212813;-46,985970;9;1280;48,648013
-24,212937;-46,985960;9;1281;49,785452
-24,213061;-46,985952;9;1282;49,737305
-24,213189;-46,985941;9;1283;51,409252
-24,213314;-46,985933;9;1284;50,136338
-24,213432;-46,985930;9;1285;47,261300
-24,213550;-46,985927;9;1286;47,261300
-24,213670;-46,985924;9;1287;48,060692
-24,213782;-46,985920;9;1288;44,868837
-24,213894;-46,985915;9;1289;44,881859
-24,214007;-46,985911;9;1290;45,269477
-24,214118;-46,985907;9;1291;44,468530
-24,214226;-46,985899;8;1292;43,491811
-24,214332;-46,985893;9;1293;42,652020
-24,214433;-46,985893;9;1294;40,442598
-24,214533;-46,985893;10;1295;40,201873
-24,214633;-46,985891;10;1296;40,046199
-24,214734;-46,985888;10;1297;40,457044
-24,214836;-46,985888;10;1298;40,843734
-24,214939;-46,985885;10;1299;41,257968
-24,215041;-46,985880;10;1300;40,883774
-24,215142;-46,985874;10;1301;40,500352
-24,215246;-46,985869;11;1302;41,837280
-24,215352;-46,985866;11;1303;42,457176
-24,215458;-46,985862;11;1304;42,468185
-24,215563;-46,985856;12;1305;42,252838
-24,215663;-46,985852;11;1306;40,228028
-24,215759;-46,985851;11;1307;38,442534
-24,215851;-46,985854;11;1308;36,854713
-24,216029;-46,985855;11;1310;34,838211
-24,216122;-46,985845;11;1311;37,416476
-24,216216;-46,985834;11;1312;37,851240
-24,216307;-46,985831;11;1313;36,452962
-24,216394;-46,985829;11;1314;34,843243
-24,216482;-46,985827;11;1315;35,243446
-24,216570;-46,985825;11;1316;35,243446
-24,216660;-46,985825;11;1317;36,037007
-24,216754;-46,985826;12;1318;37,810913
-24,216850;-46,985825;12;1319;38,439494
-24,216948;-46,985821;12;1320;39,266697
-24,217045;-46,985820;12;1321;38,841759
-24,217150;-46,985814;12;1322;42,100584
-24,217253;-46,985813;11;1323;41,400619
-24,217355;-46,985812;11;1324;40,843734
-24,217460;-46,985814;11;1325;42,049197
-24,217570;-46,985819;11;1326;44,083148
-24,217666;-46,985820;11;1327;38,441014
-24,217766;-46,985818;12;1328;40,207687
-24,217864;-46,985814;12;1329;39,268186
-24,217961;-46,985809;12;1330;38,883861
-24,218056;-46,985802;12;1331;38,126582
-24,218154;-46,985795;12;1332;39,323207
-24,218255;-46,985787;12;1333;40,547938
-24,218355;-46,985774;13;1334;40,482879
-24,218460;-46,985756;14;1335;42,705418
-24,218565;-46,985741;14;1336;42,399330
-24,218665;-46,985727;13;1337;40,527601
-24,218759;-46,985714;13;1338;37,936055
-24,218848;-46,985700;13;1339;36,001315
-24,218942;-46,985685;13;1340;38,034511
-24,219041;-46,985667;13;1341;40,180221
-24,219133;-46,985646;12;1342;37,798547
-24,219229;-46,985622;13;1343;39,589628
-24,219323;-46,985599;12;1344;38,733125
-24,219408;-46,985577;11;1345;35,155280
-24,219490;-46,985557;11;1346;33,638385
-24,219560;-46,985542;10;1347;28,787439
-24,219625;-46,985524;10;1348;26,844440
-24,219658;-46,985488;11;1357;2,109403
-24,219658;-46,985488;10;1358;3,600000
-24,219665;-46,985489;9;1384;0,175863
-24,219684;-46,985482;9;1385;8,024692
-24,219756;-46,985455;9;1387;15,235950
-24,219803;-46,985434;8;1388;20,639298
-24,219858;-46,985408;8;1389;23,979225
-24,219915;-46,985387;9;1390;24,344159
-24,219976;-46,985371;9;1391;25,112420
-24,220043;-46,985354;9;1392;27,534332
-24,220110;-46,985343;10;1393;27,365928
-24,220182;-46,985338;10;1394;28,888974
-24,220261;-46,985336;10;1395;31,640376
-24,220344;-46,985344;11;1396;33,556451
-24,220426;-46,985363;11;1397;33,558380
-24,220504;-46,985386;12;1398;32,541538
-24,220568;-46,985407;12;1399;26,748489
-24,220636;-46,985429;13;1400;28,614378
-24,220703;-46,985451;13;1401;28,003599
-24,220772;-46,985476;14;1402;29,320425
-24,220845;-46,985492;16;1403;30,666056
-24,220914;-46,985509;15;1404;28,544860
-24,220994;-46,985520;13;1405;33,077059
-24,221071;-46,985518;13;1406;30,839792
-24,221147;-46,985516;13;1407;30,439283
-24,221224;-46,985523;12;1408;31,146910
-24,221289;-46,985518;13;1409;26,336557
-24,221354;-46,985515;14;1410;26,298811
-24,221422;-46,985509;14;1411;27,317003
-24,221494;-46,985505;14;1412;28,866715
-24,221569;-46,985501;15;1413;30,279317
-24,221641;-46,985505;15;1414;28,866715
-24,221714;-46,985511;15;1415;29,312668
-24,221785;-46,985517;15;1416;28,512308
-24,221850;-46,985524;15;1417;26,149756
-24,221914;-46,985530;15;1418;25,719399
-24,221975;-46,985535;15;1419;24,492788
-24,222036;-46,985535;15;1420;24,425894
-24,222099;-46,985537;15;1421;25,235447
-24,222164;-46,985538;15;1422;26,026561
-24,222232;-46,985541;15;1423;27,248464
-24,222301;-46,985545;15;1424;27,667712
-24,222369;-46,985548;16;1425;27,487373
-24,222449;-46,985552;16;1426;32,065984
-24,222525;-46,985566;14;1427;31,687560
-24,222610;-46,985578;14;1428;34,317704
-24,222695;-46,985576;14;1429;34,042454
-24,222792;-46,985571;16;1430;39,543366
-24,222889;-46,985568;16;1431;38,855297
-24,222973;-46,985561;17;1432;33,923619
-24,223051;-46,985560;16;1433;31,441940
-24,223132;-46,985562;15;1434;32,638362
-24,223212;-46,985560;15;1435;32,040461
-24,223295;-46,985565;15;1436;33,283873
-24,223373;-46,985574;17;1437;32,217913
-24,223455;-46,985590;16;1438;33,544259
-24,223530;-46,985623;15;1439;32,557695
-24,223608;-46,985656;15;1440;33,476439
-24,223682;-46,985688;15;1441;31,852056
-24,223761;-46,985718;15;1442;33,476439
-24,223842;-46,985750;15;1443;34,474003
-24,223917;-46,985793;16;1444;34,078296
-24,223987;-46,985842;15;1445;33,446562
-24,224055;-46,985900;15;1446;34,496032
-24,224124;-46,985963;14;1447;36,132376
-24,224199;-46,986031;13;1448;39,132372
-24,224273;-46,986104;12;1449;40,018307
-24,224347;-46,986182;12;1450;41,099032
-24,224418;-46,986262;12;1451;40,763536
-24,224488;-46,986343;12;1452;40,749198
-24,224555;-46,986417;12;1453;38,075970
-24,224616;-46,986487;12;1454;35,352708
-24,224683;-46,986558;12;1455;37,308559
-24,224752;-46,986624;12;1456;36,662358
-24,224818;-46,986687;11;1457;35,221706
-24,224883;-46,986754;12;1458;35,901991
-24,224947;-46,986820;12;1459;35,180384
-24,225013;-46,986886;12;1460;35,766819
-24,225079;-46,986953;12;1461;36,011053
-24,225150;-46,987021;12;1462;37,746115
-24,225220;-46,987095;13;1463;39,098012
-24,225288;-46,987169;12;1464;38,527400
-24,225356;-46,987243;12;1465;38,358839
-24,225428;-46,987316;13;1466;39,429895
-24,225502;-46,987385;13;1467;38,892877
-24,225579;-46,987454;14;1468;39,977400
-24,225653;-46,987520;14;1469;38,193960
-24,225730;-46,987592;14;1470;40,519105
-24,225805;-46,987665;14;1471;40,154034
-24,225879;-46,987734;15;1472;39,060629
-24,225947;-46,987797;14;1473;35,825411
-24,226009;-46,987864;14;1474;34,853304
-24,226071;-46,987932;15;1475;35,296285
-24,226134;-46,988000;15;1476;35,397309
-24,226193;-46,988067;14;1477;34,198117
-24,226249;-46,988133;14;1478;32,918445
-24,226306;-46,988199;14;1479;33,190692
-24,226362;-46,988264;14;1480;32,651086
-24,226416;-46,988327;14;1481;31,568266
-24,226474;-46,988391;14;1482;32,945061
-24,226532;-46,988460;15;1483;34,453473
-24,226589;-46,988527;15;1484;33,457232
-24,226647;-46,988597;15;1485;34,536663
-24,226705;-46,988666;15;1486;34,266583
-24,226764;-46,988728;13;1487;33,501858
-24,226817;-46,988792;13;1488;31,566415
-24,226873;-46,988859;13;1489;33,185410
-24,226932;-46,988930;14;1490;35,256529
-24,226994;-46,988999;15;1491;35,551971
-24,227062;-46,989065;14;1492;36,540850
-24,227126;-46,989119;13;1493;32,532558
-24,227189;-46,989173;12;1494;32,220315
-24,227243;-46,989226;12;1495;29,018141
-24,227289;-46,989286;12;1496;28,622766
-24,227334;-46,989340;13;1497;26,950659
-24,227381;-46,989398;13;1498;28,331381
-24,227432;-46,989448;12;1499;27,627325
-24,227484;-46,989496;10;1500;28,154619
-24,227533;-46,989543;10;1501;26,066943
-24,227577;-46,989594;10;1502;25,632916
-24,227619;-46,989646;10;1503;25,364789
-24,227666;-46,989700;10;1504;27,254897
-24,227715;-46,989752;11;1505;27,538347
-24,227767;-46,989804;11;1506;28,180411
-24,227824;-46,989860;11;1507;30,644006
-24,227879;-46,989914;12;1508;29,775284
-24,227929;-46,989969;12;1509;28,356121
-24,227972;-46,990023;13;1510;26,422948
-24,228012;-46,990073;13;1511;24,286741
-24,228050;-46,990117;14;1512;22,419806
-24,228112;-46,990175;14;1514;16,316592
-24,228138;-46,990192;14;1515;12,115669
-24,228218;-46,990231;12;1518;11,929115
-24,228251;-46,990244;12;1519;14,041391
-24,228312;-46,990280;12;1521;13,869714
-24,228345;-46,990300;12;1522;15,104018
-24,228410;-46,990334;12;1524;14,417154
-24,228442;-46,990347;12;1525;13,665986
-24,228512;-46,990372;12;1527;14,739824
-24,228552;-46,990385;11;1528;17,085961
-24,228612;-46,990402;11;1529;24,812783
-24,228670;-46,990414;12;1530;23,908186
-24,228725;-46,990423;12;1531;22,265781
-24,228782;-46,990430;13;1532;23,248952
-24,228838;-46,990426;12;1533;22,758685
-24,228896;-46,990411;12;1534;23,861967
-24,228956;-46,990392;12;1535;25,005151
-24,229013;-46,990372;12;1536;23,964599
-24,229079;-46,990350;12;1537;27,621208
-24,229151;-46,990323;12;1538;30,469983
-24,229223;-46,990295;12;1539;30,588655
-24,229300;-46,990265;12;1540;32,720809
-24,229376;-46,990236;12;1541;32,222325
-24,229451;-46,990202;12;1542;32,496808
-24,229527;-46,990167;12;1543;33,007083
-24,229602;-46,990128;11;1544;33,432582
-24,229677;-46,990089;10;1545;33,430834
-24,229750;-46,990053;11;1546;32,252944
-24,229828;-46,990018;11;1547;33,747648
-24,229905;-46,989988;12;1548;32,916477
-24,229984;-46,989957;12;1549;33,594928
-24,230056;-46,989926;12;1550;30,970257
-24,230123;-46,989888;12;1551;30,204167
-24,230186;-46,989852;12;1552;28,446650
-24,230253;-46,989815;11;1553;30,254218
-24,230332;-46,989782;12;1554;34,040551
-24,230409;-46,989751;12;1555;32,843803
-24,230487;-46,989718;12;1556;33,474693
-24,230563;-46,989683;12;1557;33,007083
-24,230636;-46,989644;11;1558;32,715258
-24,230706;-46,989606;11;1559;31,276297
-24,230776;-46,989575;10;1560;30,440995
-24,230855;-46,989543;10;1561;33,721665
-24,230937;-46,989515;10;1562;34,390845
-24,231023;-46,989489;10;1563;35,721044
-24,231111;-46,989467;10;1564;36,142253
-24,231196;-46,989447;11;1565;34,998684
-24,231280;-46,989429;11;1566;34,271698
-24,231367;-46,989409;11;1567;35,593216
-24,231456;-46,989392;11;1568;36,172959
-24,231544;-46,989373;11;1569;35,913559
-24,231631;-46,989351;11;1570;35,750477
-24,231717;-46,989328;12;1571;35,627499
-24,231786;-46,989306;12;1572;28,771415
-24,231828;-46,989315;14;1580;2,323181
-24,231828;-46,989315;15;1581;3,600000
-24,231832;-46,989313;15;1600;0,091746
-24,231845;-46,989307;15;1601;5,648510
-24,231907;-46,989293;15;1604;8,448784
-24,231990;-46,989270;15;1605;19,024936
-24,232042;-46,989253;15;1606;21,726488
-24,232100;-46,989238;15;1607;23,861967
-24,232164;-46,989219;15;1608;26,551145
-24,232230;-46,989206;15;1609;26,850970
-24,232300;-46,989188;15;1610;28,787658
-24,232369;-46,989167;15;1611;28,671722
-24,232438;-46,989148;15;1612;28,487704
-24,232511;-46,989126;15;1614;15,157122
-24,232652;-46,989096;15;1615;26,731007
-24,232724;-46,989083;15;1616;29,220822
-24,232796;-46,989078;15;1617;28,884928
-24,232870;-46,989082;16;1618;29,883029
-24,232941;-46,989089;15;1619;28,769164
-24,233016;-46,989108;15;1620;30,820838
-24,233086;-46,989132;15;1621;29,366443
-24,233158;-46,989156;13;1622;30,978874
-24,233230;-46,989181;12;1623;30,452510
-24,233299;-46,989210;13;1624;29,808629
-24,233363;-46,989239;13;1625;27,728893
-24,233429;-46,989262;13;1626;27,731001
-24,233497;-46,989276;14;1627;27,938610
-24,233559;-46,989293;15;1628;25,841553
-24,233609;-46,989314;15;1629;21,436770
-24,233652;-46,989334;15;1630;18,705895
-24,233725;-46,989389;15;1632;17,733288
-24,233758;-46,989418;14;1633;17,316965
-24,233818;-46,989468;13;1635;15,194560
-24,233848;-46,989492;12;1636;15,295825
-24,233916;-46,989539;15;1638;16,973980
-24,233945;-46,989553;14;1639;13,191196
-24,234001;-46,989552;13;1645;3,785832
-24,234000;-46,989553;14;1646;3,632319
-24,233994;-46,989555;14;1649;0,829601
-24,233992;-46,989556;15;1650;3,711886
-24,233990;-46,989557;14;1651;3,711886
-24,233989;-46,989558;14;1652;0,592125
-24,233987;-46,989560;14;1676;0,045044
-24,233992;-46,989560;14;1677;1,993389
-24,234061;-46,989569;10;1680;10,443024
-24,234105;-46,989572;13;1681;20,693404
-24,234154;-46,989573;12;1682;19,951154
-24,234210;-46,989568;11;1683;22,784347
-24,234284;-46,989564;10;1684;29,883029
-24,234358;-46,989563;11;1685;29,849768
-24,234433;-46,989557;11;1686;30,109219
-24,234497;-46,989548;11;1687;25,835012
-24,234556;-46,989541;10;1689;12,016257
-24,234673;-46,989515;11;1690;24,027914
-24,234735;-46,989507;12;1691;25,256029
-24,234799;-46,989501;12;1692;25,719399
-24,234864;-46,989488;11;1693;26,697959
-24,234930;-46,989480;11;1694;26,586336
-24,234994;-46,989467;11;1695;26,062459
-24,235072;-46,989463;11;1696;31,266953
-24,235158;-46,989452;11;1697;34,668386
-24,235247;-46,989446;11;1699;17,851522
-24,235423;-46,989436;12;1700;34,928670
-24,235508;-46,989429;13;1701;34,320925
-24,235578;-46,989419;10;1702;30,258342
-24,235650;-46,989411;10;1703;28,977838
-24,235727;-46,989407;11;1704;31,075536
-24,235810;-46,989408;11;1705;33,236436
-24,235893;-46,989404;11;1706;33,268068
-24,235973;-46,989395;11;1707;32,200555
-24,236054;-46,989380;12;1709;16,544998
-24,236209;-46,989349;12;1710;31,449574
-24,236282;-46,989320;13;1711;31,296640
-24,236358;-46,989278;12;1712;34,266398
-24,236427;-46,989227;11;1713;33,512887
-24,236493;-46,989169;10;1714;34,057713
-24,236554;-46,989114;10;1715;31,621902
-24,236624;-46,989059;11;1716;34,668204
-24,236693;-46,989013;10;1717;32,532558
-24,236771;-46,988976;10;1718;34,032153
-24,236849;-46,988949;9;1719;32,948417
-24,236921;-46,988927;10;1720;30,143923
-24,236995;-46,988907;10;1721;30,517890
-24,237059;-46,988886;10;1722;26,748489
-24,237109;-46,988870;11;1723;21,164883
-24,237191;-46,988849;12;1725;16,954918
-24,237215;-46,988838;12;1726;10,414216
-24,237218;-46,988840;13;1729;1,283655
-24,237211;-46,988840;14;1730;4,559641
-24,237203;-46,988840;15;1731;4,821267
-24,237180;-46,988839;15;1737;1,537330
-24,237179;-46,988839;15;1738;0,483468
-24,237185;-46,988840;16;1773;0,123894
-24,237192;-46,988841;16;1774;2,839731
-24,237236;-46,988835;16;1775;17,753871
-24,237297;-46,988820;17;1776;25,290710
-24,237379;-46,988813;17;1777;32,934417
-24,237467;-46,988804;16;1778;35,571690
-24,237558;-46,988798;16;1779;36,504223
-24,237649;-46,988804;14;1780;37,205933
-24,237738;-46,988813;14;1781;35,786419
-24,237827;-46,988822;14;1782;35,786419
-24,237911;-46,988835;14;1783;33,970282
-24,237994;-46,988854;13;1784;34,143394
-24,238071;-46,988875;12;1785;31,974539
-24,238152;-46,988899;12;1786;33,596667
-24,238238;-46,988920;11;1787;35,461455
-24,238319;-46,988949;12;1788;34,307302
-24,238395;-46,988996;12;1789;34,933688
-24,238462;-46,989051;12;1790;33,511332
-24,238529;-46,989110;12;1791;34,404436
-24,238594;-46,989165;13;1792;33,070564
-24,238660;-46,989220;13;1793;33,190692
-24,238723;-46,989276;13;1794;32,471624
-24,238783;-46,989331;14;1795;31,518047
-24,238848;-46,989385;13;1796;32,848948
-24,238910;-46,989436;12;1797;31,244316
-24,238974;-46,989492;11;1798;32,982097
-24,239047;-46,989547;11;1799;35,464928
-24,239122;-46,989600;11;1800;35,727587
-24,239203;-46,989646;12;1801;36,700419
-24,239291;-46,989686;11;1802;38,312946
-24,239376;-46,989714;10;1803;35,719231
-24,239466;-46,989728;10;1804;36,398418
-24,239554;-46,989734;10;1805;35,304741
-24,239644;-46,989731;9;1806;36,232507
-24,239742;-46,989725;9;1807;39,302397
-24,239838;-46,989719;9;1808;38,501771
-24,239936;-46,989710;9;1809;39,378152
-24,240031;-46,989701;9;1810;38,181718
-24,240122;-46,989699;8;1811;36,620721
-24,240211;-46,989709;8;1812;35,823956
-24,240295;-46,989734;9;1813;35,035397
-24,240371;-46,989778;8;1815;17,299514
-24,240515;-46,989912;9;1816;39,558779
-24,240574;-46,989984;9;1817;35,342789
-24,240638;-46,990064;9;1818;38,856801
-24,240697;-46,990141;9;1819;36,721284
-24,240758;-46,990220;9;1820;37,797168
-24,240816;-46,990298;10;1821;36,922658
-24,240878;-46,990375;10;1822;37,505390
-24,240941;-46,990447;9;1823;36,611146
-24,241008;-46,990509;8;1824;35,286350
-24,241077;-46,990572;7;1825;36,129141
-24,241144;-46,990630;6;1826;34,365165
-24,241199;-46,990701;6;1827;34,014978
-24,241250;-46,990781;7;1828;35,822148
-24,241301;-46,990863;6;1829;36,417505
-24,241354;-46,990943;5;1830;36,284079
-24,241407;-46,991017;5;1831;34,356845
-24,241457;-46,991086;5;1832;32,175139
-24,241507;-46,991149;6;1833;30,704760
-24,241554;-46,991211;5;1834;29,657298
-24,241600;-46,991276;4;1835;30,256150
-24,241647;-46,991349;3;1836;32,825814
-24,241693;-46,991424;3;1837;33,000001
-24,241745;-46,991502;4;1838;35,459807
-24,241801;-46,991583;4;1839;37,113833
-24,241860;-46,991666;5;1840;38,594078
-24,241925;-46,991751;5;1841;40,503238
-24,241990;-46,991837;5;1842;40,782167
-24,242053;-46,991918;5;1843;38,870333
-24,242116;-46,992001;5;1844;39,430056
-24,242177;-46,992086;6;1845;39,657467
-24,242241;-46,992166;6;1846;38,858305
-24,242307;-46,992245;6;1847;39,122079
-24,242375;-46,992324;7;1848;39,828027
-24,242444;-46,992405;8;1849;40,631283
-24,242510;-46,992483;8;1850;38,849281
-24,242574;-46,992553;8;1851;36,192339
-24,242635;-46,992619;8;1852;34,309189
-24,242699;-46,992681;9;1853;34,382165
-24,242756;-46,992751;9;1854;34,264877
-24,242810;-46,992822;10;1855;33,949448
-24,242864;-46,992895;10;1856;34,322812
-24,242915;-46,992962;9;1857;32,069432
-24,242974;-46,993028;10;1858;33,937397
-24,243041;-46,993094;10;1859;36,059701
-24,243104;-46,993151;11;1860;32,900496
-24,243172;-46,993209;12;1861;34,681686
-24,243240;-46,993261;13;1862;33,387107
-24,243310;-46,993307;13;1863;32,676132
-24,243379;-46,993347;13;1864;31,250129
-24,243447;-46,993388;14;1865;31,277963
-24,243518;-46,993434;14;1866;33,021243
-24,243584;-46,993474;14;1867;30,194492
-24,243661;-46,993511;15;1868;33,851195
-24,243740;-46,993547;14;1869;34,441599
-24,243826;-46,993585;15;1870;37,298991
-24,243911;-46,993624;15;1871;36,892746
-24,243994;-46,993662;14;1872;36,193779
-24,244077;-46,993702;13;1873;36,480031
-24,244162;-46,993747;13;1874;37,794076
-24,244243;-46,993797;14;1875;37,391310
-24,244321;-46,993856;14;1876;37,939136
-24,244385;-46,993912;14;1877;32,781473
-24,244451;-46,993975;14;1878;35,035577
-24,244508;-46,994036;14;1879;31,888727
-24,244557;-46,994092;15;1880;28,565324
-24,244599;-46,994141;16;1881;24,817238
-24,244632;-46,994178;16;1882;18,895492
-24,244665;-46,994207;16;1883;16,931731
-24,244705;-46,994237;15;1884;19,736185
-24,244750;-46,994267;15;1885;21,084963
-24,244797;-46,994298;16;1886;22,252371
-24,244847;-46,994330;16;1887;23,178741
-24,244894;-46,994358;15;1888;21,720817
-24,244944;-46,994385;14;1889;22,601519
-24,244994;-46,994410;14;1890;22,001771
-24,245045;-46,994434;13;1891;22,513442
-24,245098;-46,994459;13;1892;23,100456
-24,245151;-46,994482;12;1893;23,107770
-24,245208;-46,994509;12;1894;24,859839
-24,245265;-46,994538;12;1895;25,158916
-24,245331;-46,994572;12;1896;29,196815
-24,245402;-46,994610;11;1897;31,839013
-24,245484;-46,994650;11;1898;35,934705
-24,245565;-46,994688;10;1899;35,458159
-24,245644;-46,994727;10;1900;34,688607
-24,245724;-46,994763;10;1901;34,624534
-24,245803;-46,994802;10;1902;34,690292
-24,245878;-46,994842;9;1903;33,587781
-24,245948;-46,994881;8;1904;31,642023
-24,246011;-46,994926;8;1905;30,103396
-24,246064;-46,994972;9;1906;27,301793
-24,246103;-46,995015;9;1907;22,144727
-24,246131;-46,995044;9;1908;15,421791
-24,246166;-46,995074;8;1914;3,024569
-24,246202;-46,995126;8;1915;23,837465
-24,246243;-46,995193;9;1916;29,678964
-24,246295;-46,995279;8;1917;37,846442
-24,246359;-46,995379;8;1918;44,606295
-24,246431;-46,995480;7;1919;46,944817
-24,246510;-46,995579;6;1920;48,166225
-24,246592;-46,995678;5;1921;48,962777
-24,246677;-46,995776;4;1922;49,511087
-24,246761;-46,995876;4;1923;49,640871
-24,246847;-46,995975;5;1924;50,051056
-24,246931;-46,996071;5;1925;48,577092
-24,247015;-46,996167;6;1926;48,711505
-24,247094;-46,996255;6;1927;45,087103
-24,247177;-46,996344;6;1928;46,478336
-24,247260;-46,996436;6;1929;47,251407
-24,247345;-46,996532;6;1930;48,854180
-24,247428;-46,996627;6;1931;48,036368
-24,247513;-46,996722;7;1932;48,727097
-24,247595;-46,996819;7;1933;48,293573
-24,247682;-46,996919;8;1934;50,589882
-24,247769;-46,997021;9;1935;51,120743
-24,247857;-46,997119;9;1936;50,216695
-24,247943;-46,997214;8;1937;49,008107
-24,248027;-46,997302;8;1938;46,513526
-24,248106;-46,997386;8;1939;44,057955
-24,248181;-46,997463;8;1940;41,134562
-24,248258;-46,997535;8;1941;40,516221
-24,248341;-46,997593;8;1942;39,407819
-24,248431;-46,997629;8;1943;38,358839
-24,248528;-46,997641;9;1944;39,253141
-24,248625;-46,997627;8;1945;39,340875
-24,248719;-46,997557;9;1946;45,637024
-24,248804;-46,997455;8;1947;50,577174
-24,248886;-46,997346;8;1948;51,590799
-24,248974;-46,997233;8;1949;54,254054
-24,249070;-46,997138;8;1950;51,773966
-24,249183;-46,997047;7;1951;56,248623
-24,249302;-46,996964;7;1952;56,468547
-24,249435;-46,996886;7;1953;60,389952
-24,249571;-46,996814;6;1954;60,576313
-24,249711;-46,996750;5;1955;60,839094
-24,249853;-46,996689;5;1956;61,065453
-24,249996;-46,996630;5;1957;61,177311
-24,250136;-46,996565;5;1958;60,873766
-24,250270;-46,996490;5;1959;60,238813
-24,250399;-46,996399;4;1960;61,521061
-24,250517;-46,996293;5;1961;61,180073
-24,250625;-46,996163;5;1962;64,207551
-24,250729;-46,996020;4;1963;66,876808
-24,250834;-46,995871;3;1964;68,844439
-24,250943;-46,995721;2;1965;70,119416
-24,251057;-46,995571;3;1966;71,383083
-24,251169;-46,995426;3;1967;69,379741
-24,251282;-46,995282;3;1968;69,362051
-24,251512;-46,994995;3;1970;70,152000
-24,251631;-46,994846;3;1971;72,316027
-24,251751;-46,994700;2;1972;71,852245
-24,251874;-46,994552;2;1973;73,110026
-24,252115;-46,994255;2;1975;71,766889
-24,252225;-46,994114;2;1976;67,747630
-24,252339;-46,993972;2;1977;69,073327
-24,252444;-46,993845;2;1978;62,588082
-24,252546;-46,993724;2;1979;60,162129
-24,252645;-46,993604;2;1980;59,082065
-24,252737;-46,993480;2;1981;58,363600
-24,252818;-46,993356;2;1982;55,689116
-24,252892;-46,993223;2;1983;56,880973
-24,252952;-46,993101;2;1984;50,605020
-24,253016;-46,992968;2;1985;54,901813
-24,253082;-46,992831;2;1986;56,566771
-24,253155;-46,992689;2;1987;59,513693
-24,253227;-46,992540;2;1988;61,563892
-24,253303;-46,992387;1;1989;63,709517
-24,253383;-46,992234;1;1990;64,390221
-24,253468;-46,992077;1;1991;66,658978
-24,253550;-46,991933;2;1992;62,085528
-24,253634;-46,991791;1;1993;61,899832
-24,253723;-46,991658;1;1994;60,229111
-24,253819;-46,991539;1;1995;58,008083
-24,253926;-46,991442;2;1996;55,700544
-24,254048;-46,991359;1;1997;57,596516
-24,254178;-46,991287;1;1998;58,313517
-24,254313;-46,991221;1;1999;59,182862
-24,254450;-46,991152;2;2000;60,471075
-24,254582;-46,991068;2;2001;61,107543
-24,254702;-46,990974;2;2002;59,045459
-24,254814;-46,990857;2;2003;61,932967
-24,254917;-46,990725;2;2004;63,428328
-24,255020;-46,990586;5;2005;66,277452
-24,255112;-46,990464;3;2006;58,245905
-24,255197;-46,990357;3;2007;51,810071
-24,255270;-46,990274;3;2008;42,100584
-24,255315;-46,990224;3;2009;25,646591
-24,255353;-46,990184;3;2010;21,090505
-24,255389;-46,990141;3;2011;21,313750
-24,255429;-46,990090;3;2012;24,561879
-24,255476;-46,990029;3;2013;29,154754
-24,255533;-46,989959;3;2014;34,264877
-24,255591;-46,989883;3;2015;36,184266
-24,255645;-46,989815;3;2016;32,921995
-24,255699;-46,989750;3;2017;32,104231
-24,255744;-46,989695;3;2018;26,979065
-24,255785;-46,989638;4;2019;26,746068
-24,255824;-46,989578;4;2020;26,900978
-24,255868;-46,989511;4;2021;30,144133
-24,255920;-46,989441;4;2022;32,964566
-24,255980;-46,989368;4;2023;35,881002
-24,256047;-46,989292;4;2024;38,595756
-24,256119;-46,989207;4;2025;42,356584
-24,256187;-46,989118;4;2026;42,391060
-24,256251;-46,989029;4;2027;41,381006
-24,256315;-46,988950;4;2028;38,580613
-24,256369;-46,988890;4;2029;30,779098
-24,256424;-46,988831;4;2030;30,801872
-24,256476;-46,988772;4;2031;29,955505
-24,256530;-46,988705;4;2032;32,645716
-24,256585;-46,988635;4;2033;33,733793
-24,256647;-46,988560;5;2034;37,134126
-24,256710;-46,988487;5;2035;36,695814
-24,256837;-46,988341;5;2037;36,420888
-24,256896;-46,988268;5;2038;35,614553
-24,256953;-46,988195;5;2039;35,087244
-24,257008;-46,988122;5;2040;34,572177
-24,257060;-46,988053;5;2041;32,679708
-24,257108;-46,987991;5;2042;29,692956
-24,257152;-46,987939;5;2043;25,900523
-24,257194;-46,987890;4;2044;24,814883
-24,257234;-46,987842;4;2045;23,739206
-24,257273;-46,987795;4;2046;23,201420
-24,257315;-46,987743;4;2047;25,362485
-24,257364;-46,987682;4;2048;29,679177
-24,257420;-46,987615;4;2049;33,181888
-24,257482;-46,987540;4;2050;36,959211
-24,257549;-46,987456;3;2051;40,903625
-24,257619;-46,987369;3;2052;42,359343
-24,257698;-46,987271;3;2053;47,754535
-24,257783;-46,987169;3;2054;50,447732
-24,257877;-46,987059;3;2055;55,038944
-24,257975;-46,986945;3;2056;57,199579
-24,258076;-46,986823;3;2057;60,158244
-24,258176;-46,986701;3;2058;59,890524
-24,258285;-46,986569;3;2059;65,016090
-24,258396;-46,986434;3;2060;66,365538
-24,258510;-46,986296;3;2061;67,982696
-24,258626;-46,986153;3;2062;69,875740
-24,258741;-46,986013;4;2063;68,886866
-24,258852;-46,985877;4;2064;66,636182
-24,258957;-46,985745;5;2065;64,052549
-24,259061;-46,985620;5;2066;61,777089
-24,259165;-46,985497;5;2067;61,240320
-24,259267;-46,985381;6;2068;58,943328
-24,259369;-46,985265;6;2069;58,832296
-24,259475;-46,985145;5;2070;61,101702
-24,259582;-46,985019;4;2071;62,963118
-24,259685;-46,984896;4;2072;60,967768
-24,259791;-46,984768;4;2073;63,125424
-24,259896;-46,984639;3;2074;63,231690
-24,259999;-46,984511;3;2075;62,324237
-24,260102;-46,984377;2;2076;64,083559
-24,260201;-46,984238;2;2077;64,391129
-24,260299;-46,984099;3;2078;64,245666
-24,260400;-46,983962;2;2079;64,418250
-24,260500;-46,983830;2;2080;62,651538
-24,260606;-46,983700;2;2081;63,667410
-24,260715;-46,983579;2;2082;62,095982
-24,260822;-46,983466;2;2083;59,474405
-24,260933;-46,983353;2;2084;60,640051
-24,261045;-46,983247;2;2085;59,233197
-24,261162;-46,983140;3;2086;61,102658
-24,261287;-46,983031;2;2087;64,042512
-24,261417;-46,982920;2;2088;65,966348
-24,261548;-46,982808;2;2089;66,505391
-24,261678;-46,982696;2;2090;66,190968
-24,261813;-46,982582;1;2091;68,315299
-24,261945;-46,982471;2;2092;66,697444
-24,262082;-46,982359;2;2093;68,416252
-24,262218;-46,982247;2;2094;68,096922
-24,262350;-46,982134;2;2095;67,046201
-24,262480;-46,982021;2;2096;66,416587
-24,262599;-46,981898;2;2097;65,471079
-24,262706;-46,981763;2;2098;65,301277
-24,262805;-46,981622;3;2099;65,067203
-24,262893;-46,981480;3;2100;62,679513
-24,262974;-46,981342;3;2101;59,913936
-24,263047;-46,981188;2;2102;63,464148
-24,263101;-46,981036;2;2103;59,550993
-24,263157;-46,980861;2;2104;67,703626
-24,263210;-46,980695;1;2105;64,305668
-24,263271;-46,980518;1;2106;69,074173
-24,263330;-46,980342;2;2107;68,547567
-24,263393;-46,980164;2;2108;69,701577
-24,263453;-46,980002;1;2109;63,931097
-24,263516;-46,979825;1;2110;69,362051
-24,263582;-46,979648;1;2111;69,807968
-24,263646;-46,979474;2;2112;68,586770
-24,263706;-46,979302;2;2113;67,227242
-24,263766;-46,979123;2;2114;69,619369
-24,263825;-46,978945;2;2115;69,138437
-24,263879;-46,978771;3;2116;67,193240
-24,263926;-46,978595;3;2117;66,947641
-24,263963;-46,978425;3;2118;63,801271
-24,263991;-46,978246;3;2119;66,296822
-24,264006;-46,978066;3;2120;65,982291
-24,264014;-46,977892;5;2121;64,004795
-24,264018;-46,977726;5;2122;60,617884
-24,264018;-46,977569;5;2123;57,311845
-24,264015;-46,977420;6;2124;54,523612
-24,264012;-46,977273;5;2125;53,796408
-24,264009;-46,977111;6;2126;59,258734
-24,264004;-46,976960;6;2127;55,159846
-24,263995;-46,976796;6;2128;59,976324
-24,263983;-46,976643;5;2129;56,172734
-24,263960;-46,976489;4;2130;57,078792
-24,263931;-46,976333;4;2131;58,118787
-24,263895;-46,976173;3;2132;60,266833
-24,263851;-46,976009;3;2133;62,405755
-24,263802;-46,975839;3;2134;65,084361
-24,263756;-46,975676;4;2135;62,390670
-24,263708;-46,975508;5;2136;64,369247
-24,263660;-46,975344;5;2137;62,874988
-24,263615;-46,975191;5;2138;58,686106
-24,263574;-46,975034;5;2139;59,615722
-24,263528;-46,974872;6;2140;62,042217
-24,263476;-46,974718;6;2141;59,948063
-24,263423;-46,974569;6;2142;58,385623
-24,263366;-46,974422;6;2143;58,313517
-24,263312;-46,974275;6;2144;57,854761
-24,263257;-46,974126;6;2145;58,681127
-24,263199;-46,973977;6;2146;59,142366
-24,263146;-46,973835;6;2147;56,011372
-24,263106;-46,973721;5;2148;44,735658
-24,263072;-46,973623;5;2149;38,276488
-24,263043;-46,973539;5;2150;32,788602
-24,263008;-46,973442;5;2151;38,080574
-24,262966;-46,973334;5;2152;42,862635
-24,262928;-46,973216;5;2153;45,683234
-24,262891;-46,973081;5;2154;51,459242
-24,262856;-46,972939;5;2155;53,697587
-24,262827;-46,972787;5;2156;56,689568
-24,262813;-46,972628;5;2157;58,312515
-24,262811;-46,972468;5;2158;58,413640
-24,262822;-46,972312;5;2159;57,116769
-24,262842;-46,972163;5;2160;54,978393
-24,262869;-46,972027;5;2161;50,808997
-24,262895;-46,971926;5;2162;38,311585
-24,262917;-46,971843;4;2163;31,759996
-24,262935;-46,971783;4;2164;23,059946
-24,262949;-46,971726;4;2165;21,545532
-24,262965;-46,971663;4;2166;23,876655
-24,262985;-46,971587;3;2167;29,100371
-24,263008;-46,971502;4;2168;32,566668
-24,263035;-46,971410;3;2169;35,463103
-24,263064;-46,971301;2;2170;41,606182
-24,263096;-46,971187;2;2171;43,542983
-24,263132;-46,971061;2;2172;48,201526
-24,263169;-46,970929;1;2173;50,541345
-24,263211;-46,970788;2;2174;54,267937
-24,263255;-46,970641;1;2175;56,594544
-24,263309;-46,970489;1;2176;59,550993
-24,263370;-46,970334;1;2177;61,628403
-24,263433;-46,970174;1;2178;63,621502
-24,263502;-46,970014;2;2179;64,712394
-24,263574;-46,969853;2;2180;65,461260
-24,263646;-46,969698;2;2181;63,502908
-24,263717;-46,969551;2;2182;60,726717
-24,263785;-46,969399;2;2183;61,808296
-24,263850;-46,969255;2;2184;58,656227
-24,263915;-46,969113;2;2185;58,003046
-24,263981;-46,968967;2;2186;59,489141
-24,264050;-46,968816;2;2187;61,657789
-24,264109;-46,968677;2;2188;55,970669
-24,264171;-46,968541;3;2189;55,622856
-24,264234;-46,968400;3;2190;57,321021
-24,264297;-46,968258;3;2191;57,649359
-24,264356;-46,968128;3;2192;53,011979
-24,264421;-46,967993;4;2193;55,848271
-24,264482;-46,967856;3;2194;55,773932
-24,264543;-46,967720;3;2195;55,329087
-24,264604;-46,967585;3;2196;55,001772
-24,264668;-46,967443;3;2197;57,824452
-24,264730;-46,967306;3;2198;55,832687
-24,264794;-46,967171;5;2199;56,010921
-24,264857;-46,967037;5;2200;55,036821
-24,264913;-46,966911;6;2201;51,296476
-24,264972;-46,966771;5;2202;56,416670
-24,265028;-46,966641;5;2203;52,486886
-24,265084;-46,966515;6;2204;51,298754
-24,265133;-46,966404;5;2205;45,163365
-24,265172;-46,966317;5;2206;35,390705
-24,265196;-46,966253;6;2207;25,516139
-24,265217;-46,966196;6;2208;22,440930
-24,265239;-46,966142;6;2209;21,591589
-24,265263;-46,966078;5;2210;25,518429
-24,265292;-46,966003;5;2211;29,740150
-24,265330;-46,965919;5;2212;34,230752
-24,265373;-46,965821;5;2213;39,700335
-24,265419;-46,965721;5;2214;40,888062
-24,265469;-46,965610;5;2215;45,194547
-24,265523;-46,965495;6;2216;47,358744
-24,265587;-46,965366;5;2217;53,732282
-24,265646;-46,965235;5;2218;53,337263
-24,265708;-46,965091;5;2219;58,132862
-24,265770;-46,964943;5;2220;59,457700
-24,265837;-46,964791;5;2221;61,631247
-24,265902;-46,964648;5;2222;58,328547
-24,265964;-46,964515;5;2223;54,528014
-24,266026;-46,964382;5;2224;54,528014
-24,266082;-46,964256;5;2225;51,167711
-24,266136;-46,964139;5;2226;47,870641
-24,266184;-46,964028;5;2227;44,845389
-24,266227;-46,963930;5;2228;39,701807
-24,266265;-46,963845;5;2229;34,556961
-24,266292;-46,963782;5;2230;25,413123
-24,266311;-46,963735;5;2231;18,768269
-24,266329;-46,963687;5;2232;18,947992
-24,266353;-46,963629;5;2233;23,251737
-24,266383;-46,963561;5;2234;27,576745
-24,266416;-46,963481;5;2235;32,053225
-24,266457;-46,963393;5;2236;36,075903
-24,266503;-46,963297;5;2237;39,589788
-24,266551;-46,963193;5;2238;42,550664
-24,266602;-46,963086;5;2239;44,075194
-24,266657;-46,962970;6;2240;47,864405
-24,266712;-46,962845;6;2241;50,665031
-24,266768;-46,962732;6;2242;46,949930
-24,266823;-46,962617;7;2243;47,541008
-24,266872;-46,962517;7;2244;41,443094
-24,266908;-46,962439;7;2245;31,910709
-24,266935;-46,962392;7;2246;20,276851
-24,266960;-46,962341;7;2247;21,134790
-24,266980;-46,962290;7;2248;20,265320
-24,267006;-46,962225;8;2249;26,158452
-24,267040;-46,962153;7;2250;29,816469
-24,267078;-46,962076;7;2251;31,963770
-24,267116;-46,961989;7;2252;35,216907
-24,267152;-46,961899;7;2253;35,877744
-24,267193;-46,961796;7;2254;41,026456
-24,267231;-46,961692;6;2255;41,059048
-24,267273;-46,961570;6;2256;47,605014
-24,267310;-46,961458;6;2257;43,485238
-24,267346;-46,961341;6;2258;45,075437
-24,267374;-46,961242;6;2259;37,837344
-24,267395;-46,961164;6;2260;29,687051
-24,267407;-46,961109;6;2261;20,645266
-24,267428;-46,961014;7;2263;17,932268
-24,267441;-46,960954;6;2264;22,802293
-24,267459;-46,960884;6;2265;26,551145
-24,267482;-46,960803;6;2266;30,968370
-24,267507;-46,960714;6;2267;33,994356
-24,267534;-46,960621;5;2268;35,809096
-24,267567;-46,960515;5;2269;40,886633
-24,267600;-46,960404;5;2270;42,619274
-24,267628;-46,960288;5;2271;43,805228
-24,267659;-46,960165;5;2272;46,583826
-24,267690;-46,960045;5;2273;45,529479
-24,267722;-46,959921;5;2274;47,043185
-24,267753;-46,959803;5;2275;44,825839
-24,267788;-46,959686;4;2276;45,094738
-24,267818;-46,959579;4;2277;40,865189
-24,267841;-46,959486;5;2278;35,359140
-24,267856;-46,959422;4;2279;24,389723
-24,267866;-46,959367;5;2280;20,786002
-24,267882;-46,959317;5;2281;19,344756
-24,267899;-46,959271;6;2282;18,472938
-24,267919;-46,959226;6;2283;18,276108
-24,267944;-46,959179;6;2284;19,857526
-24,267979;-46,959134;6;2285;21,594296
-24,268026;-46,959093;7;2286;24,312934
-24,268081;-46,959057;7;2287;25,646591
-24,268145;-46,959017;8;2289;14,857192
-24,268286;-46,958915;7;2290;34,993855
-24,268362;-46,958860;7;2291;36,457771
-24,268447;-46,958835;7;2292;35,235155
-24,268530;-46,958820;7;2293;33,683521
-24,268602;-46,958793;8;2294;30,680010
-24,268657;-46,958740;8;2295;29,314661
-24,268687;-46,958673;8;2296;27,246319
-24,268703;-46,958600;8;2297;27,406700
-24,268719;-46,958528;8;2298;27,050447
-24,268744;-46,958468;8;2299;24,081358
-24,268778;-46,958410;8;2300;25,168205
-24,268821;-46,958357;7;2301;26,149515
-24,268865;-46,958311;7;2302;24,339617
-24,268908;-46,958264;7;2303;24,303578
-24,268949;-46,958222;7;2304;22,461752
-24,268986;-46,958186;7;2305;19,807436
-24,269028;-46,958147;7;2306;22,033619
-24,269063;-46,958106;7;2307;20,500405
-24,269101;-46,958069;7;2308;20,345898
-24,269140;-46,958031;7;2309;20,884468
-24,269184;-46,957985;7;2310;24,337216
-24,269226;-46,957937;6;2311;24,552104
-24,269274;-46,957886;7;2312;26,998318
-24,269332;-46,957828;6;2313;31,630940
-24,269396;-46,957768;7;2314;33,902942
-24,269466;-46,957707;8;2315;35,976784
-24,269546;-46,957640;8;2316;40,302199
-24,269702;-46,957492;9;2318;44,972905
-24,269782;-46,957410;9;2319;43,841231
-24,269860;-46,957329;8;2320;43,158668
-24,269934;-46,957250;8;2321;41,347102
-24,270073;-46,957111;9;2323;36,725886
-24,270132;-46,957053;9;2324;31,721533
-24,270188;-46,956999;10;2325;30,070168
-24,270242;-46,956945;10;2327;14,628398
-24,270343;-46,956830;10;2328;28,864690
